fecha,lat,lon,prob_helada
2015-01-01,-14.79,-70.72,0.05058906307713265
2015-01-02,-14.79,-70.72,0.022255250026087227
2015-01-03,-14.79,-70.72,0.06724918934599358
2015-01-04,-14.79,-70.72,0.06611943963735134
2015-01-05,-14.79,-70.72,0.08599808587666379
2015-01-06,-14.79,-70.72,0.041337717973354546
2015-01-07,-14.79,-70.72,0.11410282384400967
2015-01-08,-14.79,-70.72,0.0407906827404069
2015-01-09,-14.79,-70.72,0.036510950898453826
2015-01-10,-14.79,-70.72,0.1412101784374275
2015-01-11,-14.79,-70.72,0.0985682438436121
2015-01-12,-14.79,-70.72,0.04523085886006531
2015-01-13,-14.79,-70.72,0.02566371936544186
2015-01-14,-14.79,-70.72,0.06098685606506551
2015-01-15,-14.79,-70.72,0.28835723849413797
2015-01-16,-14.79,-70.72,0.48271350686764
2015-01-17,-14.79,-70.72,0.09119610514297756
2015-01-18,-14.79,-70.72,0.15002797994902095
2015-01-19,-14.79,-70.72,0.049541172350261134
2015-01-20,-14.79,-70.72,0.06038651521683695
2015-01-21,-14.79,-70.72,0.04550534806795674
2015-01-22,-14.79,-70.72,0.008322578811357482
2015-01-23,-14.79,-70.72,0.020366394237783747
2015-01-24,-14.79,-70.72,0.07708213255321802
2015-01-25,-14.79,-70.72,0.06345248251249092
2015-01-26,-14.79,-70.72,0.014890690677497515
2015-01-27,-14.79,-70.72,0.011573183144190424
2015-01-28,-14.79,-70.72,0.021341319661988704
2015-01-29,-14.79,-70.72,0.02769990775880682
2015-01-30,-14.79,-70.72,0.046540112578347
2015-01-31,-14.79,-70.72,0.038677562909013155
2015-02-01,-14.79,-70.72,0.1650286867628768
2015-02-02,-14.79,-70.72,0.06169275773736979
2015-02-03,-14.79,-70.72,0.08580272078703394
2015-02-04,-14.79,-70.72,0.32405892141048254
2015-02-05,-14.79,-70.72,0.28563667183402464
2015-02-06,-14.79,-70.72,0.1419510044016496
2015-02-07,-14.79,-70.72,0.03126028840273135
2015-02-08,-14.79,-70.72,0.03422455672815876
2015-02-09,-14.79,-70.72,0.018968682215942115
2015-02-10,-14.79,-70.72,0.03800919686345885
2015-02-11,-14.79,-70.72,0.011389211438812389
2015-02-12,-14.79,-70.72,0.005576338685898175
2015-02-13,-14.79,-70.72,0.034856549487842246
2015-02-14,-14.79,-70.72,0.01057851547043951
2015-02-15,-14.79,-70.72,0.006033933759589671
2015-02-16,-14.79,-70.72,0.0036781277294741102
2015-02-17,-14.79,-70.72,0.00784740758210518
2015-02-18,-14.79,-70.72,0.06237338157977629
2015-02-19,-14.79,-70.72,0.1569131664371928
2015-02-20,-14.79,-70.72,0.28284776549964225
2015-02-21,-14.79,-70.72,0.1633603098659279
2015-02-22,-14.79,-70.72,0.02938158503937844
2015-02-23,-14.79,-70.72,0.011306973947255551
2015-02-24,-14.79,-70.72,0.0037253687811432653
2015-02-25,-14.79,-70.72,0.018918707702111688
2015-02-26,-14.79,-70.72,0.09605330461024424
2015-02-27,-14.79,-70.72,0.03984128011179511
2015-02-28,-14.79,-70.72,0.019183234562410435
2015-03-01,-14.79,-70.72,0.009014607100692556
2015-03-02,-14.79,-70.72,0.012103446548191461
2015-03-03,-14.79,-70.72,0.006077693231464296
2015-03-04,-14.79,-70.72,0.012857398280276391
2015-03-05,-14.79,-70.72,0.01447678322674044
2015-03-06,-14.79,-70.72,0.018993753884706196
2015-03-07,-14.79,-70.72,0.013166676751828806
2015-03-08,-14.79,-70.72,0.0052609391967067855
2015-03-09,-14.79,-70.72,0.012267093570604421
2015-03-10,-14.79,-70.72,0.06954785859001351
2015-03-11,-14.79,-70.72,0.050633174817635
2015-03-12,-14.79,-70.72,0.061486138698535496
2015-03-13,-14.79,-70.72,0.126348279806269
2015-03-14,-14.79,-70.72,0.08734458324506487
2015-03-15,-14.79,-70.72,0.10908992721589032
2015-03-16,-14.79,-70.72,0.061166114053727266
2015-03-17,-14.79,-70.72,0.04185765927012886
2015-03-18,-14.79,-70.72,0.026459731294501136
2015-03-19,-14.79,-70.72,0.01191269288305162
2015-03-20,-14.79,-70.72,0.014666375460624756
2015-03-21,-14.79,-70.72,0.00536728204267049
2015-03-22,-14.79,-70.72,0.04411583040512986
2015-03-23,-14.79,-70.72,0.0731581608361816
2015-03-24,-14.79,-70.72,0.5861277347000559
2015-03-25,-14.79,-70.72,0.315197414690517
2015-03-26,-14.79,-70.72,0.06074891240066088
2015-03-27,-14.79,-70.72,0.16941231240481625
2015-03-28,-14.79,-70.72,0.07909015345705632
2015-03-29,-14.79,-70.72,0.3798405562029017
2015-03-30,-14.79,-70.72,0.20045608906485446
2015-03-31,-14.79,-70.72,0.05727503315701493
2015-04-01,-14.79,-70.72,0.08638591597657916
2015-04-02,-14.79,-70.72,0.0983120464257391
2015-04-03,-14.79,-70.72,0.17445607294150495
2015-04-04,-14.79,-70.72,0.04093243019187631
2015-04-05,-14.79,-70.72,0.6217529446616863
2015-04-06,-14.79,-70.72,0.3927856512637592
2015-04-07,-14.79,-70.72,0.3323213461660752
2015-04-08,-14.79,-70.72,0.0573790094953803
2015-04-09,-14.79,-70.72,0.03007310764231962
2015-04-10,-14.79,-70.72,0.0479595757752212
2015-04-11,-14.79,-70.72,0.09717081792212848
2015-04-12,-14.79,-70.72,0.0632768986907879
2015-04-13,-14.79,-70.72,0.04819073073695036
2015-04-14,-14.79,-70.72,0.15578907264416592
2015-04-15,-14.79,-70.72,0.1089315752073888
2015-04-16,-14.79,-70.72,0.026713070705037742
2015-04-17,-14.79,-70.72,0.11249621687112818
2015-04-18,-14.79,-70.72,0.01563238802008174
2015-04-19,-14.79,-70.72,0.09793708782335404
2015-04-20,-14.79,-70.72,0.22336889297829177
2015-04-21,-14.79,-70.72,0.19326501348782643
2015-04-22,-14.79,-70.72,0.1373613206727211
2015-04-23,-14.79,-70.72,0.39331267746153653
2015-04-24,-14.79,-70.72,0.2729241208638232
2015-04-25,-14.79,-70.72,0.17914410397292202
2015-04-26,-14.79,-70.72,0.1129374390624438
2015-04-27,-14.79,-70.72,0.19084872466427857
2015-04-28,-14.79,-70.72,0.22548421190862347
2015-04-29,-14.79,-70.72,0.3510917067130225
2015-04-30,-14.79,-70.72,0.3193617585070366
2015-05-01,-14.79,-70.72,0.47739932742804425
2015-05-02,-14.79,-70.72,0.43112920538659655
2015-05-03,-14.79,-70.72,0.8380464340013627
2015-05-04,-14.79,-70.72,0.7142948812046738
2015-05-05,-14.79,-70.72,0.8962616184992013
2015-05-06,-14.79,-70.72,0.8879690294602955
2015-05-07,-14.79,-70.72,0.9064249951092503
2015-05-08,-14.79,-70.72,0.9434458581267398
2015-05-09,-14.79,-70.72,0.6454033729515078
2015-05-10,-14.79,-70.72,0.8468645124905068
2015-05-11,-14.79,-70.72,0.7526478004702531
2015-05-12,-14.79,-70.72,0.9273622557809189
2015-05-13,-14.79,-70.72,0.8900904671050976
2015-05-14,-14.79,-70.72,0.9067972001823643
2015-05-15,-14.79,-70.72,0.892771522756434
2015-05-16,-14.79,-70.72,0.9154414444689938
2015-05-17,-14.79,-70.72,0.6463362016916834
2015-05-18,-14.79,-70.72,0.6339176195655889
2015-05-19,-14.79,-70.72,0.9258264872510732
2015-05-20,-14.79,-70.72,0.959784913968541
2015-05-21,-14.79,-70.72,0.9161420906011893
2015-05-22,-14.79,-70.72,0.976140539298195
2015-05-23,-14.79,-70.72,0.982118113520837
2015-05-24,-14.79,-70.72,0.9864478880029692
2015-05-25,-14.79,-70.72,0.9786415052821711
2015-05-26,-14.79,-70.72,0.9643195276258851
2015-05-27,-14.79,-70.72,0.9704647301065563
2015-05-28,-14.79,-70.72,0.9622023319139943
2015-05-29,-14.79,-70.72,0.9900253931879762
2015-05-30,-14.79,-70.72,0.9932742903543801
2015-05-31,-14.79,-70.72,0.9910379176840655
2015-06-01,-14.79,-70.72,0.9823878169741149
2015-06-02,-14.79,-70.72,0.9418591793524045
2015-06-03,-14.79,-70.72,0.8524752932868632
2015-06-04,-14.79,-70.72,0.9670847495000374
2015-06-05,-14.79,-70.72,0.9848926212965363
2015-06-06,-14.79,-70.72,0.988002032898595
2015-06-07,-14.79,-70.72,0.9933290235435165
2015-06-08,-14.79,-70.72,0.9969637363663717
2015-06-09,-14.79,-70.72,0.9951444052615044
2015-06-10,-14.79,-70.72,0.9973530797789664
2015-06-11,-14.79,-70.72,0.977819564477941
2015-06-12,-14.79,-70.72,0.9912811387495393
2015-06-13,-14.79,-70.72,0.9956249231793743
2015-06-14,-14.79,-70.72,0.9973003204177329
2015-06-15,-14.79,-70.72,0.9975724086720149
2015-06-16,-14.79,-70.72,0.9964410827201877
2015-06-17,-14.79,-70.72,0.9872313890906148
2015-06-18,-14.79,-70.72,0.9884052637185817
2015-06-19,-14.79,-70.72,0.9891724050363788
2015-06-20,-14.79,-70.72,0.9858951365902038
2015-06-21,-14.79,-70.72,0.9918185779884944
2015-06-22,-14.79,-70.72,0.9943295186096387
2015-06-23,-14.79,-70.72,0.9941569987524292
2015-06-24,-14.79,-70.72,0.9940061606827267
2015-06-25,-14.79,-70.72,0.9957328543356762
2015-06-26,-14.79,-70.72,0.9945857295051517
2015-06-27,-14.79,-70.72,0.9945594866708227
2015-06-28,-14.79,-70.72,0.9954071071672608
2015-06-29,-14.79,-70.72,0.9956893187463969
2015-06-30,-14.79,-70.72,0.9976680393888697
2015-07-01,-14.79,-70.72,0.9984907182584031
2015-07-02,-14.79,-70.72,0.9981594159563423
2015-07-03,-14.79,-70.72,0.9954871249116819
2015-07-04,-14.79,-70.72,0.7688054219499061
2015-07-05,-14.79,-70.72,0.9345359172735365
2015-07-06,-14.79,-70.72,0.938298380661823
2015-07-07,-14.79,-70.72,0.9832940154028045
2015-07-08,-14.79,-70.72,0.9951107861127786
2015-07-09,-14.79,-70.72,0.9984407575922426
2015-07-10,-14.79,-70.72,0.9984240517432408
2015-07-11,-14.79,-70.72,0.9984056956872411
2015-07-12,-14.79,-70.72,0.9984118967432407
2015-07-13,-14.79,-70.72,0.9984913056625423
2015-07-14,-14.79,-70.72,0.9968674610502442
2015-07-15,-14.79,-70.72,0.9923299272675505
2015-07-16,-14.79,-70.72,0.9819129671898117
2015-07-17,-14.79,-70.72,0.9936763292009512
2015-07-18,-14.79,-70.72,0.9968984022441358
2015-07-19,-14.79,-70.72,0.9974471682312129
2015-07-20,-14.79,-70.72,0.9980905883669619
2015-07-21,-14.79,-70.72,0.9984463231679161
2015-07-22,-14.79,-70.72,0.9984838035745014
2015-07-23,-14.79,-70.72,0.9978098569279672
2015-07-24,-14.79,-70.72,0.9963923864790214
2015-07-25,-14.79,-70.72,0.99320396941647
2015-07-26,-14.79,-70.72,0.9928817196400082
2015-07-27,-14.79,-70.72,0.9943472413955479
2015-07-28,-14.79,-70.72,0.9967995716967306
2015-07-29,-14.79,-70.72,0.9968253962891045
2015-07-30,-14.79,-70.72,0.9966517729594306
2015-07-31,-14.79,-70.72,0.997366986543734
2015-08-01,-14.79,-70.72,0.9972536338334572
2015-08-02,-14.79,-70.72,0.9962603287745967
2015-08-03,-14.79,-70.72,0.9955541019939106
2015-08-04,-14.79,-70.72,0.9951794911525633
2015-08-05,-14.79,-70.72,0.9948140099986832
2015-08-06,-14.79,-70.72,0.9942802837774292
2015-08-07,-14.79,-70.72,0.9970475296682959
2015-08-08,-14.79,-70.72,0.9972800816085985
2015-08-09,-14.79,-70.72,0.9914645510256757
2015-08-10,-14.79,-70.72,0.9531075963193856
2015-08-11,-14.79,-70.72,0.9874849412193485
2015-08-12,-14.79,-70.72,0.8443195399987291
2015-08-13,-14.79,-70.72,0.7707889153408545
2015-08-14,-14.79,-70.72,0.750694480541263
2015-08-15,-14.79,-70.72,0.947925869528663
2015-08-16,-14.79,-70.72,0.9831927524137856
2015-08-17,-14.79,-70.72,0.9833754854716701
2015-08-18,-14.79,-70.72,0.8362969393578902
2015-08-19,-14.79,-70.72,0.9092687693785129
2015-08-20,-14.79,-70.72,0.9798454336045623
2015-08-21,-14.79,-70.72,0.9806805889633999
2015-08-22,-14.79,-70.72,0.9801060530099222
2015-08-23,-14.79,-70.72,0.9891353803128674
2015-08-24,-14.79,-70.72,0.9885171332168611
2015-08-25,-14.79,-70.72,0.9833306035064737
2015-08-26,-14.79,-70.72,0.9829456645305785
2015-08-27,-14.79,-70.72,0.9747847532316563
2015-08-28,-14.79,-70.72,0.9861149178623589
2015-08-29,-14.79,-70.72,0.994118603110647
2015-08-30,-14.79,-70.72,0.996107929306716
2015-08-31,-14.79,-70.72,0.9948939382188458
2015-09-01,-14.79,-70.72,0.9910615810221624
2015-09-02,-14.79,-70.72,0.967403976720306
2015-09-03,-14.79,-70.72,0.7872817451943197
2015-09-04,-14.79,-70.72,0.5278438716618574
2015-09-05,-14.79,-70.72,0.25959058229648335
2015-09-06,-14.79,-70.72,0.4489639887258424
2015-09-07,-14.79,-70.72,0.8423457636472471
2015-09-08,-14.79,-70.72,0.9687184027456884
2015-09-09,-14.79,-70.72,0.9818435976757516
2015-09-10,-14.79,-70.72,0.9855679535175725
2015-09-11,-14.79,-70.72,0.9896913128539281
2015-09-12,-14.79,-70.72,0.9652656062549705
2015-09-13,-14.79,-70.72,0.9435292468911727
2015-09-14,-14.79,-70.72,0.9648963111990425
2015-09-15,-14.79,-70.72,0.9428583357953088
2015-09-16,-14.79,-70.72,0.8145294803042953
2015-09-17,-14.79,-70.72,0.9139968536128833
2015-09-18,-14.79,-70.72,0.760950934163615
2015-09-19,-14.79,-70.72,0.5655332079939934
2015-09-20,-14.79,-70.72,0.5961213557635776
2015-09-21,-14.79,-70.72,0.46118400434914586
2015-09-22,-14.79,-70.72,0.5519515906199169
2015-09-23,-14.79,-70.72,0.3830746610077477
2015-09-24,-14.79,-70.72,0.33199097511958897
2015-09-25,-14.79,-70.72,0.4692082390562692
2015-09-26,-14.79,-70.72,0.3125066037676296
2015-09-27,-14.79,-70.72,0.2690342480135096
2015-09-28,-14.79,-70.72,0.7888440334546774
2015-09-29,-14.79,-70.72,0.8948826001800229
2015-09-30,-14.79,-70.72,0.9702225471461274
2015-10-01,-14.79,-70.72,0.9369737190825389
2015-10-02,-14.79,-70.72,0.641605144333499
2015-10-03,-14.79,-70.72,0.26787228724520895
2015-10-04,-14.79,-70.72,0.3033061893924723
2015-10-05,-14.79,-70.72,0.7957255996585655
2015-10-06,-14.79,-70.72,0.8329660835598103
2015-10-07,-14.79,-70.72,0.9368231296750624
2015-10-08,-14.79,-70.72,0.9229919146333909
2015-10-09,-14.79,-70.72,0.8997562675361913
2015-10-10,-14.79,-70.72,0.9582369234753235
2015-10-11,-14.79,-70.72,0.9664678762387259
2015-10-12,-14.79,-70.72,0.9845737131760908
2015-10-13,-14.79,-70.72,0.9884259776943141
2015-10-14,-14.79,-70.72,0.9912667997891841
2015-10-15,-14.79,-70.72,0.9702015435153599
2015-10-16,-14.79,-70.72,0.9490261345119049
2015-10-17,-14.79,-70.72,0.9464214376382811
2015-10-18,-14.79,-70.72,0.7824987312278233
2015-10-19,-14.79,-70.72,0.7741943772745525
2015-10-20,-14.79,-70.72,0.6157265585546561
2015-10-21,-14.79,-70.72,0.5443455352517648
2015-10-22,-14.79,-70.72,0.5192158333538023
2015-10-23,-14.79,-70.72,0.74017600429449
2015-10-24,-14.79,-70.72,0.5624263779231145
2015-10-25,-14.79,-70.72,0.6638432676780484
2015-10-26,-14.79,-70.72,0.5687715881199654
2015-10-27,-14.79,-70.72,0.2279704607115694
2015-10-28,-14.79,-70.72,0.1597598139778632
2015-10-29,-14.79,-70.72,0.2555081332480012
2015-01-01,-15.21,-69.76,0.00764492677348861
2015-01-02,-15.21,-69.76,0.0040458104166094695
2015-01-03,-15.21,-69.76,0.00169749212049497
2015-01-04,-15.21,-69.76,0.00080528384619034
2015-01-05,-15.21,-69.76,0.003907479213099375
2015-01-06,-15.21,-69.76,0.0029641692624294853
2015-01-07,-15.21,-69.76,0.00209447684563564
2015-01-08,-15.21,-69.76,0.0008408301896313801
2015-01-09,-15.21,-69.76,0.001600094954875205
2015-01-10,-15.21,-69.76,0.001456510372428465
2015-01-11,-15.21,-69.76,0.001118813073393475
2015-01-12,-15.21,-69.76,0.0037561029381457905
2015-01-13,-15.21,-69.76,0.00910914233211491
2015-01-14,-15.21,-69.76,0.023482701292098188
2015-01-15,-15.21,-69.76,0.02287105012352797
2015-01-16,-15.21,-69.76,0.1676949059719231
2015-01-17,-15.21,-69.76,0.05895471200265098
2015-01-18,-15.21,-69.76,0.007006966724916006
2015-01-19,-15.21,-69.76,0.00197630448961104
2015-01-20,-15.21,-69.76,0.0012876505887340602
2015-01-21,-15.21,-69.76,0.005971533081211931
2015-01-22,-15.21,-69.76,0.004084547098958555
2015-01-23,-15.21,-69.76,0.01319407009540114
2015-01-24,-15.21,-69.76,0.005769297187751065
2015-01-25,-15.21,-69.76,0.0013283543996346
2015-01-26,-15.21,-69.76,0.000668115181273805
2015-01-27,-15.21,-69.76,0.00623914581364792
2015-01-28,-15.21,-69.76,0.00068229945362917
2015-01-29,-15.21,-69.76,0.0031592680695818652
2015-01-30,-15.21,-69.76,0.0005560568744685801
2015-01-31,-15.21,-69.76,0.000566757385057615
2015-02-01,-15.21,-69.76,0.001186986037924465
2015-02-02,-15.21,-69.76,0.0043429940456675906
2015-02-03,-15.21,-69.76,0.027554901491292604
2015-02-04,-15.21,-69.76,0.11865726554377021
2015-02-05,-15.21,-69.76,0.06604656627175376
2015-02-06,-15.21,-69.76,0.044485365709539086
2015-02-07,-15.21,-69.76,0.00949893064093372
2015-02-08,-15.21,-69.76,0.00355479606004787
2015-02-09,-15.21,-69.76,0.002277423937233295
2015-02-10,-15.21,-69.76,0.005536023818784045
2015-02-11,-15.21,-69.76,0.00076637634827825
2015-02-12,-15.21,-69.76,0.00219695930488843
2015-02-13,-15.21,-69.76,0.000515307162059075
2015-02-14,-15.21,-69.76,0.001642855778793115
2015-02-15,-15.21,-69.76,0.0009809844118382851
2015-02-16,-15.21,-69.76,0.00089503888475549
2015-02-17,-15.21,-69.76,0.0019585833842229302
2015-02-18,-15.21,-69.76,0.003034469133887295
2015-02-19,-15.21,-69.76,0.02019281323231232
2015-02-20,-15.21,-69.76,0.11150538007476091
2015-02-21,-15.21,-69.76,0.10076685015415894
2015-02-22,-15.21,-69.76,0.03931663339996312
2015-02-23,-15.21,-69.76,0.01254366934066675
2015-02-24,-15.21,-69.76,0.0038308411701770007
2015-02-25,-15.21,-69.76,0.005625990705029225
2015-02-26,-15.21,-69.76,0.020898578013321116
2015-02-27,-15.21,-69.76,0.009453699997044311
2015-02-28,-15.21,-69.76,0.02442444146985756
2015-03-01,-15.21,-69.76,0.01666405621522679
2015-03-02,-15.21,-69.76,0.0054814352187840445
2015-03-03,-15.21,-69.76,0.001263319506493075
2015-03-04,-15.21,-69.76,0.0012602735346546202
2015-03-05,-15.21,-69.76,0.0016963247956477152
2015-03-06,-15.21,-69.76,0.00377388095584706
2015-03-07,-15.21,-69.76,0.00258241935582022
2015-03-08,-15.21,-69.76,0.000585807197691585
2015-03-09,-15.21,-69.76,0.00821463416956829
2015-03-10,-15.21,-69.76,0.01315405835959541
2015-03-11,-15.21,-69.76,0.009535037914784834
2015-03-12,-15.21,-69.76,0.03386197106792894
2015-03-13,-15.21,-69.76,0.016556992142242648
2015-03-14,-15.21,-69.76,0.031206094196505905
2015-03-15,-15.21,-69.76,0.01114940611777581
2015-03-16,-15.21,-69.76,0.05741912583392724
2015-03-17,-15.21,-69.76,0.020785253710317475
2015-03-18,-15.21,-69.76,0.06131314514729427
2015-03-19,-15.21,-69.76,0.006829430492342456
2015-03-20,-15.21,-69.76,0.00525711349310264
2015-03-21,-15.21,-69.76,0.0271317379419855
2015-03-22,-15.21,-69.76,0.008677909976645626
2015-03-23,-15.21,-69.76,0.028273604737997553
2015-03-24,-15.21,-69.76,0.014186044573211726
2015-03-25,-15.21,-69.76,0.06642954656693265
2015-03-26,-15.21,-69.76,0.027089982829948987
2015-03-27,-15.21,-69.76,0.04697900826296829
2015-03-28,-15.21,-69.76,0.03943572604759395
2015-03-29,-15.21,-69.76,0.04373431409316
2015-03-30,-15.21,-69.76,0.15475466365349452
2015-03-31,-15.21,-69.76,0.02476118464064764
2015-04-01,-15.21,-69.76,0.018106753169835975
2015-04-02,-15.21,-69.76,0.017317399098972563
2015-04-03,-15.21,-69.76,0.00945332115891306
2015-04-04,-15.21,-69.76,0.11921837606723686
2015-04-05,-15.21,-69.76,0.08164062641425648
2015-04-06,-15.21,-69.76,0.2329557811388333
2015-04-07,-15.21,-69.76,0.12274983375386171
2015-04-08,-15.21,-69.76,0.15015550913632672
2015-04-09,-15.21,-69.76,0.036968725978182244
2015-04-10,-15.21,-69.76,0.11460425703343191
2015-04-11,-15.21,-69.76,0.035344356089486204
2015-04-12,-15.21,-69.76,0.05796697152009357
2015-04-13,-15.21,-69.76,0.00929582125948445
2015-04-14,-15.21,-69.76,0.0048868176964982505
2015-04-15,-15.21,-69.76,0.0033302032319100696
2015-04-16,-15.21,-69.76,0.0029223191468748955
2015-04-17,-15.21,-69.76,0.005930046080497915
2015-04-18,-15.21,-69.76,0.03388726785392394
2015-04-19,-15.21,-69.76,0.04679282225345365
2015-04-20,-15.21,-69.76,0.0365967328054909
2015-04-21,-15.21,-69.76,0.028097620894415705
2015-04-22,-15.21,-69.76,0.0749992248427304
2015-04-23,-15.21,-69.76,0.08398127333371164
2015-04-24,-15.21,-69.76,0.12051933257905251
2015-04-25,-15.21,-69.76,0.08133600135886561
2015-04-26,-15.21,-69.76,0.01512695653558688
2015-04-27,-15.21,-69.76,0.0061601377840105505
2015-04-28,-15.21,-69.76,0.04380400749153639
2015-04-29,-15.21,-69.76,0.059931732685545976
2015-04-30,-15.21,-69.76,0.09001104021551326
2015-05-01,-15.21,-69.76,0.37063369890930864
2015-05-02,-15.21,-69.76,0.23799805859349432
2015-05-03,-15.21,-69.76,0.7382742509357975
2015-05-04,-15.21,-69.76,0.6727135503445234
2015-05-05,-15.21,-69.76,0.8017599709165757
2015-05-06,-15.21,-69.76,0.7936668388213524
2015-05-07,-15.21,-69.76,0.8730799061492718
2015-05-08,-15.21,-69.76,0.5380331104556039
2015-05-09,-15.21,-69.76,0.26431677029913075
2015-05-10,-15.21,-69.76,0.32975281968599346
2015-05-11,-15.21,-69.76,0.8254320415027553
2015-05-12,-15.21,-69.76,0.8662400415547284
2015-05-13,-15.21,-69.76,0.525838702052639
2015-05-14,-15.21,-69.76,0.7239613965069602
2015-05-15,-15.21,-69.76,0.3265141562336169
2015-05-16,-15.21,-69.76,0.64479604110583
2015-05-17,-15.21,-69.76,0.7358336862381073
2015-05-18,-15.21,-69.76,0.5127005042856781
2015-05-19,-15.21,-69.76,0.4579921256338578
2015-05-20,-15.21,-69.76,0.8766808217152912
2015-05-21,-15.21,-69.76,0.7612626307438638
2015-05-22,-15.21,-69.76,0.9480403453701686
2015-05-23,-15.21,-69.76,0.9712495200103555
2015-05-24,-15.21,-69.76,0.9629753195960808
2015-05-25,-15.21,-69.76,0.9708087108033883
2015-05-26,-15.21,-69.76,0.9300679028054004
2015-05-27,-15.21,-69.76,0.9265257748708318
2015-05-28,-15.21,-69.76,0.9006797964723847
2015-05-29,-15.21,-69.76,0.970923315134103
2015-05-30,-15.21,-69.76,0.9751101149778671
2015-05-31,-15.21,-69.76,0.9791915152846613
2015-06-01,-15.21,-69.76,0.9334339469826484
2015-06-02,-15.21,-69.76,0.28863882525116136
2015-06-03,-15.21,-69.76,0.5621158122653874
2015-06-04,-15.21,-69.76,0.8085170384175255
2015-06-05,-15.21,-69.76,0.9109614389889045
2015-06-06,-15.21,-69.76,0.9591106792584182
2015-06-07,-15.21,-69.76,0.9880768264495441
2015-06-08,-15.21,-69.76,0.9919903703128163
2015-06-09,-15.21,-69.76,0.9952651076977801
2015-06-10,-15.21,-69.76,0.9952831322317174
2015-06-11,-15.21,-69.76,0.9587852691385599
2015-06-12,-15.21,-69.76,0.9835210504942113
2015-06-13,-15.21,-69.76,0.9773560173810447
2015-06-14,-15.21,-69.76,0.9932236012938073
2015-06-15,-15.21,-69.76,0.9942935251394192
2015-06-16,-15.21,-69.76,0.9890833857696519
2015-06-17,-15.21,-69.76,0.9240071887481982
2015-06-18,-15.21,-69.76,0.9643565710251207
2015-06-19,-15.21,-69.76,0.9411844336427324
2015-06-20,-15.21,-69.76,0.9661037245980535
2015-06-21,-15.21,-69.76,0.9732946005375782
2015-06-22,-15.21,-69.76,0.9779999501358408
2015-06-23,-15.21,-69.76,0.9883201223991309
2015-06-24,-15.21,-69.76,0.9787468997741537
2015-06-25,-15.21,-69.76,0.978014758759611
2015-06-26,-15.21,-69.76,0.9745957066973123
2015-06-27,-15.21,-69.76,0.9402392399294252
2015-06-28,-15.21,-69.76,0.9848423990199412
2015-06-29,-15.21,-69.76,0.9781735926525271
2015-06-30,-15.21,-69.76,0.9939187486889003
2015-07-01,-15.21,-69.76,0.9969625062035392
2015-07-02,-15.21,-69.76,0.9940126988862135
2015-07-03,-15.21,-69.76,0.9801814850670183
2015-07-04,-15.21,-69.76,0.7281648656464235
2015-07-05,-15.21,-69.76,0.7103954971940662
2015-07-06,-15.21,-69.76,0.8663830828281065
2015-07-07,-15.21,-69.76,0.9785064393064675
2015-07-08,-15.21,-69.76,0.9860146305427671
2015-07-09,-15.21,-69.76,0.9965507733999263
2015-07-10,-15.21,-69.76,0.997676094665085
2015-07-11,-15.21,-69.76,0.9973127038631552
2015-07-12,-15.21,-69.76,0.9961948978321904
2015-07-13,-15.21,-69.76,0.9958501049659452
2015-07-14,-15.21,-69.76,0.9957830676592527
2015-07-15,-15.21,-69.76,0.9924347845688378
2015-07-16,-15.21,-69.76,0.9794694284720106
2015-07-17,-15.21,-69.76,0.9800773689010516
2015-07-18,-15.21,-69.76,0.9890062747513675
2015-07-19,-15.21,-69.76,0.9927062569176047
2015-07-20,-15.21,-69.76,0.9955222451633593
2015-07-21,-15.21,-69.76,0.9970427376714386
2015-07-22,-15.21,-69.76,0.9954863055674852
2015-07-23,-15.21,-69.76,0.9898060101940508
2015-07-24,-15.21,-69.76,0.9818561749055574
2015-07-25,-15.21,-69.76,0.9723499736393764
2015-07-26,-15.21,-69.76,0.9553527201232811
2015-07-27,-15.21,-69.76,0.9726186051889847
2015-07-28,-15.21,-69.76,0.9737186620239009
2015-07-29,-15.21,-69.76,0.978183395650303
2015-07-30,-15.21,-69.76,0.9887616615252459
2015-07-31,-15.21,-69.76,0.9929765071876443
2015-08-01,-15.21,-69.76,0.9884790483003537
2015-08-02,-15.21,-69.76,0.9918070361499345
2015-08-03,-15.21,-69.76,0.9857875137346219
2015-08-04,-15.21,-69.76,0.9834501769595851
2015-08-05,-15.21,-69.76,0.9808688777251295
2015-08-06,-15.21,-69.76,0.97662450873579
2015-08-07,-15.21,-69.76,0.9882880602900919
2015-08-08,-15.21,-69.76,0.9861174383398952
2015-08-09,-15.21,-69.76,0.9738020836859695
2015-08-10,-15.21,-69.76,0.7054457794798056
2015-08-11,-15.21,-69.76,0.8361864630530927
2015-08-12,-15.21,-69.76,0.607275903506977
2015-08-13,-15.21,-69.76,0.6823812860120624
2015-08-14,-15.21,-69.76,0.6620790101108645
2015-08-15,-15.21,-69.76,0.7683596165918857
2015-08-16,-15.21,-69.76,0.9456544135503758
2015-08-17,-15.21,-69.76,0.9130296942228946
2015-08-18,-15.21,-69.76,0.782564763833602
2015-08-19,-15.21,-69.76,0.6386940889945849
2015-08-20,-15.21,-69.76,0.8573568364697655
2015-08-21,-15.21,-69.76,0.8674352923948556
2015-08-22,-15.21,-69.76,0.8541140790936201
2015-08-23,-15.21,-69.76,0.8945499778531054
2015-08-24,-15.21,-69.76,0.8324036415848637
2015-08-25,-15.21,-69.76,0.8312157079744616
2015-08-26,-15.21,-69.76,0.5150136165087903
2015-08-27,-15.21,-69.76,0.9019902289290151
2015-08-28,-15.21,-69.76,0.9482347194214897
2015-08-29,-15.21,-69.76,0.974928584680375
2015-08-30,-15.21,-69.76,0.9892474233492226
2015-08-31,-15.21,-69.76,0.9931124937019449
2015-09-01,-15.21,-69.76,0.982682164309799
2015-09-02,-15.21,-69.76,0.6867501425343396
2015-09-03,-15.21,-69.76,0.37584211498569686
2015-09-04,-15.21,-69.76,0.07794340048697807
2015-09-05,-15.21,-69.76,0.03882648262035833
2015-09-06,-15.21,-69.76,0.09629015261589818
2015-09-07,-15.21,-69.76,0.1708796676899651
2015-09-08,-15.21,-69.76,0.7950272103267628
2015-09-09,-15.21,-69.76,0.9430900694164921
2015-09-10,-15.21,-69.76,0.9538484636605795
2015-09-11,-15.21,-69.76,0.9507646844097457
2015-09-12,-15.21,-69.76,0.9368343443838121
2015-09-13,-15.21,-69.76,0.839015124204253
2015-09-14,-15.21,-69.76,0.8800776034878566
2015-09-15,-15.21,-69.76,0.76130042991204
2015-09-16,-15.21,-69.76,0.7867048159627182
2015-09-17,-15.21,-69.76,0.46206864992270125
2015-09-18,-15.21,-69.76,0.5551165840964893
2015-09-19,-15.21,-69.76,0.2676761726169375
2015-09-20,-15.21,-69.76,0.20751055456719508
2015-09-21,-15.21,-69.76,0.0992558375754212
2015-09-22,-15.21,-69.76,0.4536993925531062
2015-09-23,-15.21,-69.76,0.30645345644207445
2015-09-24,-15.21,-69.76,0.27411183738750505
2015-09-25,-15.21,-69.76,0.04783311859602497
2015-09-26,-15.21,-69.76,0.07858656063787818
2015-09-27,-15.21,-69.76,0.03261511876426169
2015-09-28,-15.21,-69.76,0.5854793437109715
2015-09-29,-15.21,-69.76,0.3534787127344331
2015-09-30,-15.21,-69.76,0.8198528124417537
2015-10-01,-15.21,-69.76,0.677900562281968
2015-10-02,-15.21,-69.76,0.6285513675602378
2015-10-03,-15.21,-69.76,0.18441536635429218
2015-10-04,-15.21,-69.76,0.1800845687884704
2015-10-05,-15.21,-69.76,0.23146071728146625
2015-10-06,-15.21,-69.76,0.613388053002824
2015-10-07,-15.21,-69.76,0.7645033443069604
2015-10-08,-15.21,-69.76,0.6745136708416942
2015-10-09,-15.21,-69.76,0.3864928788314399
2015-10-10,-15.21,-69.76,0.8861129501749017
2015-10-11,-15.21,-69.76,0.8849425907135804
2015-10-12,-15.21,-69.76,0.9239702052027536
2015-10-13,-15.21,-69.76,0.9369637094967451
2015-10-14,-15.21,-69.76,0.9597150348922512
2015-10-15,-15.21,-69.76,0.9305185778209901
2015-10-16,-15.21,-69.76,0.6221998894158782
2015-10-17,-15.21,-69.76,0.65766570740693
2015-10-18,-15.21,-69.76,0.545872600943861
2015-10-19,-15.21,-69.76,0.16552202525049475
2015-10-20,-15.21,-69.76,0.3367765837734759
2015-10-21,-15.21,-69.76,0.13319435465343327
2015-10-22,-15.21,-69.76,0.16958758970330348
2015-10-23,-15.21,-69.76,0.3619996571310204
2015-10-24,-15.21,-69.76,0.2636893295571048
2015-10-25,-15.21,-69.76,0.05733456938155647
2015-10-26,-15.21,-69.76,0.08668485400018641
2015-10-27,-15.21,-69.76,0.03392635532219074
2015-10-28,-15.21,-69.76,0.005436566381198365
2015-10-29,-15.21,-69.76,0.0034201554117508455
2015-01-01,-16.75,-69.71,0.4707515833582979
2015-01-02,-16.75,-69.71,0.21296396215287108
2015-01-03,-16.75,-69.71,0.28911309955432524
2015-01-04,-16.75,-69.71,0.1527556660028101
2015-01-05,-16.75,-69.71,0.08243625978995195
2015-01-06,-16.75,-69.71,0.13548790190398818
2015-01-07,-16.75,-69.71,0.24474147008907624
2015-01-08,-16.75,-69.71,0.5701563681458721
2015-01-09,-16.75,-69.71,0.22149506542370406
2015-01-10,-16.75,-69.71,0.13047555112324596
2015-01-11,-16.75,-69.71,0.1770677738125775
2015-01-12,-16.75,-69.71,0.11422071847953108
2015-01-13,-16.75,-69.71,0.1735561155439942
2015-01-14,-16.75,-69.71,0.3032772883292436
2015-01-15,-16.75,-69.71,0.9007595714930825
2015-01-16,-16.75,-69.71,0.9254503292172063
2015-01-17,-16.75,-69.71,0.6774746624069221
2015-01-18,-16.75,-69.71,0.7938041008168053
2015-01-19,-16.75,-69.71,0.6997126957722364
2015-01-20,-16.75,-69.71,0.6542361522224978
2015-01-21,-16.75,-69.71,0.12025700526783262
2015-01-22,-16.75,-69.71,0.0822928771231146
2015-01-23,-16.75,-69.71,0.03623174123945594
2015-01-24,-16.75,-69.71,0.07858105211063598
2015-01-25,-16.75,-69.71,0.030709840085169332
2015-01-26,-16.75,-69.71,0.1669920395212667
2015-01-27,-16.75,-69.71,0.5451583158311629
2015-01-28,-16.75,-69.71,0.6409747028495907
2015-01-29,-16.75,-69.71,0.5226911672697303
2015-01-30,-16.75,-69.71,0.10342504629724071
2015-01-31,-16.75,-69.71,0.05856982271264358
2015-02-01,-16.75,-69.71,0.056105750568307786
2015-02-02,-16.75,-69.71,0.14680159775500695
2015-02-03,-16.75,-69.71,0.1323575344742856
2015-02-04,-16.75,-69.71,0.47504780656509116
2015-02-05,-16.75,-69.71,0.449707430393294
2015-02-06,-16.75,-69.71,0.46580289331157065
2015-02-07,-16.75,-69.71,0.44511179473517476
2015-02-08,-16.75,-69.71,0.17235802655120627
2015-02-09,-16.75,-69.71,0.05504426455611654
2015-02-10,-16.75,-69.71,0.02021728588314979
2015-02-11,-16.75,-69.71,0.010649313526284251
2015-02-12,-16.75,-69.71,0.010876982058276256
2015-02-13,-16.75,-69.71,0.06758703210069342
2015-02-14,-16.75,-69.71,0.029265055686804903
2015-02-15,-16.75,-69.71,0.08874360398307518
2015-02-16,-16.75,-69.71,0.27571864814233243
2015-02-17,-16.75,-69.71,0.025411474193732977
2015-02-18,-16.75,-69.71,0.41084046225398774
2015-02-19,-16.75,-69.71,0.8510571028041444
2015-02-20,-16.75,-69.71,0.9598113294724722
2015-02-21,-16.75,-69.71,0.8129995960429656
2015-02-22,-16.75,-69.71,0.47773873784689075
2015-02-23,-16.75,-69.71,0.18616709417579186
2015-02-24,-16.75,-69.71,0.24317418109204286
2015-02-25,-16.75,-69.71,0.3403018980606526
2015-02-26,-16.75,-69.71,0.7228816840014531
2015-02-27,-16.75,-69.71,0.19069728239075046
2015-02-28,-16.75,-69.71,0.7218315733013652
2015-03-01,-16.75,-69.71,0.7048945685347945
2015-03-02,-16.75,-69.71,0.2686165240258006
2015-03-03,-16.75,-69.71,0.3789236612664683
2015-03-04,-16.75,-69.71,0.16835893003287034
2015-03-05,-16.75,-69.71,0.07121592402712512
2015-03-06,-16.75,-69.71,0.0826890668490925
2015-03-07,-16.75,-69.71,0.01559660643399733
2015-03-08,-16.75,-69.71,0.03129198788372348
2015-03-09,-16.75,-69.71,0.016253899049363845
2015-03-10,-16.75,-69.71,0.051599671597832075
2015-03-11,-16.75,-69.71,0.04189889741916241
2015-03-12,-16.75,-69.71,0.10520675825372552
2015-03-13,-16.75,-69.71,0.48441674148686276
2015-03-14,-16.75,-69.71,0.25430250433418705
2015-03-15,-16.75,-69.71,0.30666841037306825
2015-03-16,-16.75,-69.71,0.5233395793734718
2015-03-17,-16.75,-69.71,0.15045824916182274
2015-03-18,-16.75,-69.71,0.03875198690000986
2015-03-19,-16.75,-69.71,0.025005423161972542
2015-03-20,-16.75,-69.71,0.04011058277483086
2015-03-21,-16.75,-69.71,0.07136611937330553
2015-03-22,-16.75,-69.71,0.10864866494754985
2015-03-23,-16.75,-69.71,0.097901114987963
2015-03-24,-16.75,-69.71,0.1661668458364657
2015-03-25,-16.75,-69.71,0.1914229092201773
2015-03-26,-16.75,-69.71,0.19701610735803504
2015-03-27,-16.75,-69.71,0.4197409436270129
2015-03-28,-16.75,-69.71,0.7864400804480525
2015-03-29,-16.75,-69.71,0.950323403465028
2015-03-30,-16.75,-69.71,0.963971471311239
2015-03-31,-16.75,-69.71,0.9367656794090901
2015-04-01,-16.75,-69.71,0.8472737348301111
2015-04-02,-16.75,-69.71,0.3171091264527877
2015-04-03,-16.75,-69.71,0.7216893347434632
2015-04-04,-16.75,-69.71,0.8794621386664906
2015-04-05,-16.75,-69.71,0.9289065971740331
2015-04-06,-16.75,-69.71,0.9102941860566433
2015-04-07,-16.75,-69.71,0.8624483544408348
2015-04-08,-16.75,-69.71,0.9503650572664224
2015-04-09,-16.75,-69.71,0.6742346460533708
2015-04-10,-16.75,-69.71,0.18846355831217165
2015-04-11,-16.75,-69.71,0.12540415718448872
2015-04-12,-16.75,-69.71,0.17923943966890177
2015-04-13,-16.75,-69.71,0.14335098942902003
2015-04-14,-16.75,-69.71,0.2016947597828567
2015-04-15,-16.75,-69.71,0.8606495660092837
2015-04-16,-16.75,-69.71,0.9304614818950028
2015-04-17,-16.75,-69.71,0.8411101198986677
2015-04-18,-16.75,-69.71,0.7097755949148425
2015-04-19,-16.75,-69.71,0.7106189629762814
2015-04-20,-16.75,-69.71,0.45992552803420195
2015-04-21,-16.75,-69.71,0.22076193818736906
2015-04-22,-16.75,-69.71,0.8764945995511619
2015-04-23,-16.75,-69.71,0.2906437917968742
2015-04-24,-16.75,-69.71,0.1395454163538265
2015-04-25,-16.75,-69.71,0.20543654538596995
2015-04-26,-16.75,-69.71,0.39768546896012025
2015-04-27,-16.75,-69.71,0.5594038940625389
2015-04-28,-16.75,-69.71,0.3495619392874127
2015-04-29,-16.75,-69.71,0.8318402122889486
2015-04-30,-16.75,-69.71,0.8751369303489982
2015-05-01,-16.75,-69.71,0.9591471507677155
2015-05-02,-16.75,-69.71,0.9498480774384006
2015-05-03,-16.75,-69.71,0.992249727461123
2015-05-04,-16.75,-69.71,0.9965558175342526
2015-05-05,-16.75,-69.71,0.9960467107909433
2015-05-06,-16.75,-69.71,0.9960163510094532
2015-05-07,-16.75,-69.71,0.9956388455938193
2015-05-08,-16.75,-69.71,0.9722201531432055
2015-05-09,-16.75,-69.71,0.9853466325015072
2015-05-10,-16.75,-69.71,0.9845939512846582
2015-05-11,-16.75,-69.71,0.9949872741431338
2015-05-12,-16.75,-69.71,0.9967028593777059
2015-05-13,-16.75,-69.71,0.9965019056461843
2015-05-14,-16.75,-69.71,0.9981057238378017
2015-05-15,-16.75,-69.71,0.9971922363340726
2015-05-16,-16.75,-69.71,0.9972965456546135
2015-05-17,-16.75,-69.71,0.9653233141115041
2015-05-18,-16.75,-69.71,0.9878539672049004
2015-05-19,-16.75,-69.71,0.9937081138656125
2015-05-20,-16.75,-69.71,0.9987716187827083
2015-05-21,-16.75,-69.71,0.9989996367905982
2015-05-22,-16.75,-69.71,0.9990481452035305
2015-05-23,-16.75,-69.71,0.9990310583976187
2015-05-24,-16.75,-69.71,0.9991654949969766
2015-05-25,-16.75,-69.71,0.9853544407556187
2015-05-26,-16.75,-69.71,0.99829952880457
2015-05-27,-16.75,-69.71,0.9843721994465584
2015-05-28,-16.75,-69.71,0.9958355781550055
2015-05-29,-16.75,-69.71,0.9980617915937513
2015-05-30,-16.75,-69.71,0.9992170885049267
2015-05-31,-16.75,-69.71,0.999203663467734
2015-06-01,-16.75,-69.71,0.9972221344990024
2015-06-02,-16.75,-69.71,0.9977714017905706
2015-06-03,-16.75,-69.71,0.9983449406461746
2015-06-04,-16.75,-69.71,0.9986212444097429
2015-06-05,-16.75,-69.71,0.9970591841231997
2015-06-06,-16.75,-69.71,0.9981838807732882
2015-06-07,-16.75,-69.71,0.9991115114622944
2015-06-08,-16.75,-69.71,0.9992852205839231
2015-06-09,-16.75,-69.71,0.9993846968749727
2015-06-10,-16.75,-69.71,0.9993878483749726
2015-06-11,-16.75,-69.71,0.9992347341290236
2015-06-12,-16.75,-69.71,0.9992287162962757
2015-06-13,-16.75,-69.71,0.9992836663128846
2015-06-14,-16.75,-69.71,0.9993726903749727
2015-06-15,-16.75,-69.71,0.9993873203749727
2015-06-16,-16.75,-69.71,0.9993888044314521
2015-06-17,-16.75,-69.71,0.9991344190695766
2015-06-18,-16.75,-69.71,0.9985369694924504
2015-06-19,-16.75,-69.71,0.9991223191892411
2015-06-20,-16.75,-69.71,0.9989624591471402
2015-06-21,-16.75,-69.71,0.9991994647848554
2015-06-22,-16.75,-69.71,0.9991841509985007
2015-06-23,-16.75,-69.71,0.9993408752172553
2015-06-24,-16.75,-69.71,0.9993419065695766
2015-06-25,-16.75,-69.71,0.9993716550307262
2015-06-26,-16.75,-69.71,0.9992555511020266
2015-06-27,-16.75,-69.71,0.9990907599843166
2015-06-28,-16.75,-69.71,0.9991816260475043
2015-06-29,-16.75,-69.71,0.999278305778357
2015-06-30,-16.75,-69.71,0.999323912145955
2015-07-01,-16.75,-69.71,0.9993393506459549
2015-07-02,-16.75,-69.71,0.9993224952730116
2015-07-03,-16.75,-69.71,0.9937444569958818
2015-07-04,-16.75,-69.71,0.9943983952394848
2015-07-05,-16.75,-69.71,0.9547723222650594
2015-07-06,-16.75,-69.71,0.9896590155640206
2015-07-07,-16.75,-69.71,0.9933954852287349
2015-07-08,-16.75,-69.71,0.9983091073629227
2015-07-09,-16.75,-69.71,0.9991208850938663
2015-07-10,-16.75,-69.71,0.9992140595838667
2015-07-11,-16.75,-69.71,0.999414425645955
2015-07-12,-16.75,-69.71,0.9994173736459548
2015-07-13,-16.75,-69.71,0.9993311336459549
2015-07-14,-16.75,-69.71,0.9992887440972776
2015-07-15,-16.75,-69.71,0.9992678440972775
2015-07-16,-16.75,-69.71,0.9795499356214423
2015-07-17,-16.75,-69.71,0.9963555752022779
2015-07-18,-16.75,-69.71,0.9975505972328795
2015-07-19,-16.75,-69.71,0.9993303052730117
2015-07-20,-16.75,-69.71,0.999349063645955
2015-07-21,-16.75,-69.71,0.9993393506459549
2015-07-22,-16.75,-69.71,0.9994387686459549
2015-07-23,-16.75,-69.71,0.9987261977977465
2015-07-24,-16.75,-69.71,0.9988598441017922
2015-07-25,-16.75,-69.71,0.9991120715814203
2015-07-26,-16.75,-69.71,0.999109080678293
2015-07-27,-16.75,-69.71,0.9992484492003038
2015-07-28,-16.75,-69.71,0.9993695100317243
2015-07-29,-16.75,-69.71,0.9992744642977904
2015-07-30,-16.75,-69.71,0.9993665270976793
2015-07-31,-16.75,-69.71,0.9993705145976792
2015-08-01,-16.75,-69.71,0.9993145712501535
2015-08-02,-16.75,-69.71,0.9993467387353326
2015-08-03,-16.75,-69.71,0.9993636081788531
2015-08-04,-16.75,-69.71,0.9991097758150937
2015-08-05,-16.75,-69.71,0.9991775237440623
2015-08-06,-16.75,-69.71,0.998617510142794
2015-08-07,-16.75,-69.71,0.9992601407923349
2015-08-08,-16.75,-69.71,0.9990234042733876
2015-08-09,-16.75,-69.71,0.9992975652869899
2015-08-10,-16.75,-69.71,0.9979238945258737
2015-08-11,-16.75,-69.71,0.9801109672086952
2015-08-12,-16.75,-69.71,0.9985328172303798
2015-08-13,-16.75,-69.71,0.8139147609326876
2015-08-14,-16.75,-69.71,0.9565489580061818
2015-08-15,-16.75,-69.71,0.9892031950214437
2015-08-16,-16.75,-69.71,0.9968636222649474
2015-08-17,-16.75,-69.71,0.9989135109236976
2015-08-18,-16.75,-69.71,0.9853123930211368
2015-08-19,-16.75,-69.71,0.9968173902507536
2015-08-20,-16.75,-69.71,0.8528830834917579
2015-08-21,-16.75,-69.71,0.9026796480217407
2015-08-22,-16.75,-69.71,0.9811983182612587
2015-08-23,-16.75,-69.71,0.9824486260975516
2015-08-24,-16.75,-69.71,0.9959143973137979
2015-08-25,-16.75,-69.71,0.9956088776214072
2015-08-26,-16.75,-69.71,0.9986315024385468
2015-08-27,-16.75,-69.71,0.9986558044159424
2015-08-28,-16.75,-69.71,0.9989138494946364
2015-08-29,-16.75,-69.71,0.9990473619946365
2015-08-30,-16.75,-69.71,0.9987140991952119
2015-08-31,-16.75,-69.71,0.9987333301950005
2015-09-01,-16.75,-69.71,0.9981903017831533
2015-09-02,-16.75,-69.71,0.9852077854385395
2015-09-03,-16.75,-69.71,0.9373947739383037
2015-09-04,-16.75,-69.71,0.8903414461521444
2015-09-05,-16.75,-69.71,0.7892170820801774
2015-09-06,-16.75,-69.71,0.8829690145272052
2015-09-07,-16.75,-69.71,0.9695047489241176
2015-09-08,-16.75,-69.71,0.9955936867301864
2015-09-09,-16.75,-69.71,0.9983910416338756
2015-09-10,-16.75,-69.71,0.9987692193380373
2015-09-11,-16.75,-69.71,0.9986515080481897
2015-09-12,-16.75,-69.71,0.9986803225481896
2015-09-13,-16.75,-69.71,0.9986190015424389
2015-09-14,-16.75,-69.71,0.9983472112552203
2015-09-15,-16.75,-69.71,0.998293465741936
2015-09-16,-16.75,-69.71,0.998108885741936
2015-09-17,-16.75,-69.71,0.998060587087233
2015-09-18,-16.75,-69.71,0.9830117194375518
2015-09-19,-16.75,-69.71,0.982662168183608
2015-09-20,-16.75,-69.71,0.8018160450112624
2015-09-21,-16.75,-69.71,0.9677011771474626
2015-09-22,-16.75,-69.71,0.9835170776800723
2015-09-23,-16.75,-69.71,0.990287091229349
2015-09-24,-16.75,-69.71,0.9604774677239407
2015-09-25,-16.75,-69.71,0.8754797909451354
2015-09-26,-16.75,-69.71,0.965810532326615
2015-09-27,-16.75,-69.71,0.9844705310484847
2015-09-28,-16.75,-69.71,0.9950504950547273
2015-09-29,-16.75,-69.71,0.9978754704241368
2015-09-30,-16.75,-69.71,0.998144700820551
2015-10-01,-16.75,-69.71,0.9974474428807076
2015-10-02,-16.75,-69.71,0.9449212861336396
2015-10-03,-16.75,-69.71,0.9603027786063439
2015-10-04,-16.75,-69.71,0.9139280199867679
2015-10-05,-16.75,-69.71,0.8734984784523796
2015-10-06,-16.75,-69.71,0.9680350706381736
2015-10-07,-16.75,-69.71,0.9826695432595396
2015-10-08,-16.75,-69.71,0.9915411372255076
2015-10-09,-16.75,-69.71,0.9933385688186118
2015-10-10,-16.75,-69.71,0.9971391177293916
2015-10-11,-16.75,-69.71,0.9974670582266864
2015-10-12,-16.75,-69.71,0.9980699435843301
2015-10-13,-16.75,-69.71,0.9975886983279868
2015-10-14,-16.75,-69.71,0.9982293597230988
2015-10-15,-16.75,-69.71,0.9904642270839337
2015-10-16,-16.75,-69.71,0.9986116220538381
2015-10-17,-16.75,-69.71,0.9525170638702337
2015-10-18,-16.75,-69.71,0.8908219347098303
2015-10-19,-16.75,-69.71,0.6166614269795989
2015-10-20,-16.75,-69.71,0.5618376417178702
2015-10-21,-16.75,-69.71,0.6629482301097274
2015-10-22,-16.75,-69.71,0.8950207893623043
2015-10-23,-16.75,-69.71,0.8481182298657963
2015-10-24,-16.75,-69.71,0.8108144773687075
2015-10-25,-16.75,-69.71,0.21836796447202667
2015-10-26,-16.75,-69.71,0.10682638508197824
2015-10-27,-16.75,-69.71,0.24197014682089446
2015-10-28,-16.75,-69.71,0.4855534993116375
2015-10-29,-16.75,-69.71,0.8806129107535994
