fecha,lat,lon,prob_xgb,prob_rf,prob_helada_ensemble
2015-01-01,-14.79,-70.72,0.042571057,0.060388848282517,0.05058906307713265
2015-01-02,-14.79,-70.72,0.009931888,0.0373171369468605,0.022255250026087227
2015-01-03,-14.79,-70.72,0.046777066,0.0922706734355413,0.06724918934599358
2015-01-04,-14.79,-70.72,0.056685396,0.0776499374163363,0.06611943963735134
2015-01-05,-14.79,-70.72,0.09210807,0.0785303275036973,0.08599808587666379
2015-01-06,-14.79,-70.72,0.046608895,0.0348951682741212,0.041337717973354546
2015-01-07,-14.79,-70.72,0.12017022,0.1066871174311326,0.11410282384400967
2015-01-08,-14.79,-70.72,0.039553657,0.0423026030897931,0.0407906827404069
2015-01-09,-14.79,-70.72,0.037554093,0.0352359994410085,0.036510950898453826
2015-01-10,-14.79,-70.72,0.13684411,0.1465464843053944,0.1412101784374275
2015-01-11,-14.79,-70.72,0.08219252,0.1185830174302491,0.0985682438436121
2015-01-12,-14.79,-70.72,0.042666238,0.0483653954668118,0.04523085886006531
2015-01-13,-14.79,-70.72,0.028818386,0.0218080157009819,0.02566371936544186
2015-01-14,-14.79,-70.72,0.060309503,0.0618147320334789,0.06098685606506551
2015-01-15,-14.79,-70.72,0.30226925,0.2713536688758623,0.2883572384941381
2015-01-16,-14.79,-70.72,0.4760676,0.4908362819280888,0.48271350686764
2015-01-17,-14.79,-70.72,0.09141152,0.0909328203177279,0.09119610514297756
2015-01-18,-14.79,-70.72,0.15476751,0.1442352209978243,0.15002797994902095
2015-01-19,-14.79,-70.72,0.05740051,0.0399353152228025,0.049541172350261134
2015-01-20,-14.79,-70.72,0.06346005,0.0566299727040821,0.06038651521683695
2015-01-21,-14.79,-70.72,0.03436588,0.0591202534843483,0.04550534806795674
2015-01-22,-14.79,-70.72,0.007282494,0.0095937935807944,0.008322578811357482
2015-01-23,-14.79,-70.72,0.018107638,0.0231270963061861,0.020366394237783747
2015-01-24,-14.79,-70.72,0.081643336,0.0715073283404845,0.07708213255321802
2015-01-25,-14.79,-70.72,0.061752386,0.0655303782499798,0.06345248251249092
2015-01-26,-14.79,-70.72,0.014032744,0.0159392921722167,0.014890690677497515
2015-01-27,-14.79,-70.72,0.012187076,0.0108228696537565,0.011573183144190424
2015-01-28,-14.79,-70.72,0.024596885,0.0173622953599749,0.021341319661988704
2015-01-29,-14.79,-70.72,0.032921746,0.0213176610195707,0.02769990775880682
2015-01-30,-14.79,-70.72,0.04997311,0.0423442268407711,0.046540112578347
2015-01-31,-14.79,-70.72,0.030412026,0.048779885797807,0.038677562909013155
2015-02-01,-14.79,-70.72,0.15498471,0.1773046583619484,0.1650286867628768
2015-02-02,-14.79,-70.72,0.068800256,0.0530058154163773,0.06169275773736979
2015-02-03,-14.79,-70.72,0.096740365,0.0724344889711865,0.08580272078703394
2015-02-04,-14.79,-70.72,0.2875721,0.3686539253566278,0.32405892141048254
2015-02-05,-14.79,-70.72,0.2785018,0.294357070742277,0.28563667183402464
2015-02-06,-14.79,-70.72,0.13998254,0.1443569053369991,0.1419510044016496
2015-02-07,-14.79,-70.72,0.028037386,0.035199391339403,0.03126028840273135
2015-02-08,-14.79,-70.72,0.035821654,0.0322725489514639,0.03422455672815876
2015-02-09,-14.79,-70.72,0.021935886,0.0153420998132047,0.018968682215942115
2015-02-10,-14.79,-70.72,0.04060392,0.0348378685854641,0.03800919686345885
2015-02-11,-14.79,-70.72,0.0077762674,0.0158050319306942,0.011389211438812389
2015-02-12,-14.79,-70.72,0.004687861,0.0066622558575515,0.005576338685898175
2015-02-13,-14.79,-70.72,0.036858022,0.0324103053063161,0.034856549487842246
2015-02-14,-14.79,-70.72,0.012817334,0.0078421817120878,0.01057851547043951
2015-02-15,-14.79,-70.72,0.0066830465,0.0052405737435326,0.006033933759589671
2015-02-16,-14.79,-70.72,0.0027747222,0.0047822900432758,0.0036781277294741102
2015-02-17,-14.79,-70.72,0.009089284,0.0063295586269004,0.00784740758210518
2015-02-18,-14.79,-70.72,0.06813453,0.0553319779550584,0.06237338157977629
2015-02-19,-14.79,-70.72,0.16617,0.1455992587493174,0.15691316643719283
2015-02-20,-14.79,-70.72,0.26723146,0.3019343611103161,0.28284776549964225
2015-02-21,-14.79,-70.72,0.16848642,0.1570950641465064,0.1633603098659279
2015-02-22,-14.79,-70.72,0.029059337,0.0297754437541743,0.02938158503937844
2015-02-23,-14.79,-70.72,0.005434956,0.018483884771679,0.011306973947255551
2015-02-24,-14.79,-70.72,0.0031808033,0.0043909488136517,0.0037253687811432653
2015-02-25,-14.79,-70.72,0.015199637,0.0234642385602482,0.018918707702111688
2015-02-26,-14.79,-70.72,0.032756682,0.1734158433560983,0.09605330461024424
2015-02-27,-14.79,-70.72,0.041955806,0.0372568595817669,0.03984128011179511
2015-02-28,-14.79,-70.72,0.018183256,0.0204054305831343,0.019183234562410435
2015-03-01,-14.79,-70.72,0.009173778,0.0088200648904279,0.009014607100692556
2015-03-02,-14.79,-70.72,0.015172097,0.0083528737737588,0.012103446548191461
2015-03-03,-14.79,-70.72,0.0065071145,0.0055528450143651,0.006077693231464296
2015-03-04,-14.79,-70.72,0.013132817,0.0125207754006142,0.012857398280276391
2015-03-05,-14.79,-70.72,0.016839987,0.0115884230594232,0.01447678322674044
2015-03-06,-14.79,-70.72,0.021684801,0.0157046962993471,0.018993753884706196
2015-03-07,-14.79,-70.72,0.015305219,0.0105529028929529,0.013166676751828806
2015-03-08,-14.79,-70.72,0.0042059207,0.0065504062482373,0.0052609391967067855
2015-03-09,-14.79,-70.72,0.010464952,0.0144697110457876,0.012267093570604421
2015-03-10,-14.79,-70.72,0.079413705,0.0574896018666967,0.06954785859001351
2015-03-11,-14.79,-70.72,0.057432447,0.0423229532614111,0.050633174817635
2015-03-12,-14.79,-70.72,0.060061987,0.0632267685523011,0.061486138698535496
2015-03-13,-14.79,-70.72,0.14000192,0.1096604973472644,0.126348279806269
2015-03-14,-14.79,-70.72,0.09482568,0.0782010205445886,0.08734458324506487
2015-03-15,-14.79,-70.72,0.12407276,0.0907775760353118,0.10908992721589032
2015-03-16,-14.79,-70.72,0.064471945,0.0571256540082828,0.061166114053727266
2015-03-17,-14.79,-70.72,0.048889033,0.0332637580447308,0.04185765927012886
2015-03-18,-14.79,-70.72,0.018556636,0.0361190699877803,0.026459731294501136
2015-03-19,-14.79,-70.72,0.009552178,0.0147977666290036,0.01191269288305162
2015-03-20,-14.79,-70.72,0.015516914,0.0136268283569439,0.014666375460624756
2015-03-21,-14.79,-70.72,0.0047808434,0.0060840403837122,0.00536728204267049
2015-03-22,-14.79,-70.72,0.05109523,0.0355854531225108,0.04411583040512986
2015-03-23,-14.79,-70.72,0.08438909,0.0594314696359591,0.0731581608361816
2015-03-24,-14.79,-70.72,0.5773543,0.5968508215556797,0.5861277347000559
2015-03-25,-14.79,-70.72,0.30398053,0.328906940423371,0.315197414690517
2015-03-26,-14.79,-70.72,0.03892964,0.0874169120014686,0.06074891240066088
2015-03-27,-14.79,-70.72,0.18929006,0.1451172875662583,0.16941231240481625
2015-03-28,-14.79,-70.72,0.08349965,0.0737007687934585,0.07909015345705632
2015-03-29,-14.79,-70.72,0.3374644,0.4316336360064481,0.3798405562029017
2015-03-30,-14.79,-70.72,0.2248537,0.1706367868107877,0.20045608906485446
2015-03-31,-14.79,-70.72,0.0626746,0.0506755625711443,0.05727503315701493
2015-04-01,-14.79,-70.72,0.071959175,0.1040185993923981,0.08638591597657916
2015-04-02,-14.79,-70.72,0.10510173,0.0900135442794202,0.0983120464257391
2015-04-03,-14.79,-70.72,0.18542816,0.1610457443144554,0.17445607294150495
2015-04-04,-14.79,-70.72,0.045867026,0.0349012575375029,0.04093243019187631
2015-04-05,-14.79,-70.72,0.6013754,0.6466588325815249,0.6217529446616863
2015-04-06,-14.79,-70.72,0.4210539,0.3582355694750204,0.3927856512637592
2015-04-07,-14.79,-70.72,0.35102096,0.3094662625912782,0.3323213461660752
2015-04-08,-14.79,-70.72,0.050330848,0.0659934291008451,0.0573790094953803
2015-04-09,-14.79,-70.72,0.017643033,0.0452654210940436,0.03007310764231962
2015-04-10,-14.79,-70.72,0.04052722,0.0570435661671582,0.0479595757752212
2015-04-11,-14.79,-70.72,0.10410812,0.0886918931602855,0.09717081792212848
2015-04-12,-14.79,-70.72,0.064654775,0.0615928276461953,0.0632768986907879
2015-04-13,-14.79,-70.72,0.048233267,0.0481387419710008,0.04819073073695036
2015-04-14,-14.79,-70.72,0.1559724,0.1555650058759242,0.15578907264416592
2015-04-15,-14.79,-70.72,0.09345208,0.1278509582386418,0.1089315752073888
2015-04-16,-14.79,-70.72,0.030324146,0.0222995342334172,0.026713070705037742
2015-04-17,-14.79,-70.72,0.12972675,0.0914366763802848,0.11249621687112818
2015-04-18,-14.79,-70.72,0.012940204,0.0189228351557372,0.01563238802008174
2015-04-19,-14.79,-70.72,0.08382562,0.1151844373852312,0.09793708782335404
2015-04-20,-14.79,-70.72,0.21396938,0.2348571866184262,0.22336889297829177
2015-04-21,-14.79,-70.72,0.1944641,0.1917994633062809,0.19326501348782643
2015-04-22,-14.79,-70.72,0.1320634,0.1438365570504913,0.1373613206727211
2015-04-23,-14.79,-70.72,0.4014441,0.3833742721367478,0.39331267746153653
2015-04-24,-14.79,-70.72,0.2493603,0.3017243463640516,0.2729241208638232
2015-04-25,-14.79,-70.72,0.19546625,0.1591948143842711,0.17914410397292202
2015-04-26,-14.79,-70.72,0.12719469,0.095511910138764,0.1129374390624438
2015-04-27,-14.79,-70.72,0.23480341,0.1371263314761746,0.19084872466427857
2015-04-28,-14.79,-70.72,0.2945286,0.1410966264636077,0.22548421190862347
2015-04-29,-14.79,-70.72,0.44190982,0.2400917904733832,0.3510917067130225
2015-04-30,-14.79,-70.72,0.30596796,0.3357319566823035,0.3193617585070366
2015-05-01,-14.79,-70.72,0.4930935,0.4582175609512094,0.47739932742804425
2015-05-02,-14.79,-70.72,0.5137918,0.3300971453035477,0.4311292053865965
2015-05-03,-14.79,-70.72,0.86379164,0.8065800711141391,0.8380464340013627
2015-05-04,-14.79,-70.72,0.7532546,0.6666774471214972,0.7142948812046738
2015-05-05,-14.79,-70.72,0.9001615,0.8914950966648919,0.8962616184992014
2015-05-06,-14.79,-70.72,0.89475745,0.879672071022879,0.8879690294602955
2015-05-07,-14.79,-70.72,0.8912981,0.9249134224650004,0.9064249951092502
2015-05-08,-14.79,-70.72,0.940088,0.9475499069483102,0.9434458581267398
2015-05-09,-14.79,-70.72,0.66857743,0.6170795254477951,0.6454033729515078
2015-05-10,-14.79,-70.72,0.8741906,0.8134659610900148,0.8468645124905068
2015-05-11,-14.79,-70.72,0.8119795,0.6801312788227848,0.7526478004702533
2015-05-12,-14.79,-70.72,0.93350154,0.9198586861798196,0.9273622557809189
2015-05-13,-14.79,-70.72,0.8989513,0.8792605602335503,0.8900904671050976
2015-05-14,-14.79,-70.72,0.9138985,0.8981178337385873,0.9067972001823643
2015-05-15,-14.79,-70.72,0.8898319,0.8963643950142977,0.892771522756434
2015-05-16,-14.79,-70.72,0.9181196,0.9121681432644304,0.9154414444689938
2015-05-17,-14.79,-70.72,0.650453,0.6413045593148519,0.6463362016916834
2015-05-18,-14.79,-70.72,0.6556863,0.6073114545901974,0.6339176195655889
2015-05-19,-14.79,-70.72,0.9463365,0.9007586938912736,0.9258264872510732
2015-05-20,-14.79,-70.72,0.9694211,0.9480073532634244,0.959784913968541
2015-05-21,-14.79,-70.72,0.92447025,0.9059632291137538,0.9161420906011893
2015-05-22,-14.79,-70.72,0.97753614,0.9744348051070998,0.976140539298195
2015-05-23,-14.79,-70.72,0.9831287,0.9808829522685268,0.982118113520837
2015-05-24,-14.79,-70.72,0.9846534,0.988641151117709,0.9864478880029692
2015-05-25,-14.79,-70.72,0.9770521,0.9805841117381578,0.9786415052821711
2015-05-26,-14.79,-70.72,0.96206343,0.9670769802797444,0.9643195276258851
2015-05-27,-14.79,-70.72,0.97028166,0.9706884824590136,0.9704647301065563
2015-05-28,-14.79,-70.72,0.9648525,0.958963237586654,0.9622023319139943
2015-05-29,-14.79,-70.72,0.9936562,0.9855877404177248,0.9900253931879762
2015-05-30,-14.79,-70.72,0.99536705,0.9907164730097336,0.9932742903543801
2015-05-31,-14.79,-70.72,0.9912048,0.9908339504090342,0.9910379176840655
2015-06-01,-14.79,-70.72,0.98037225,0.9848512877202554,0.9823878169741149
2015-06-02,-14.79,-70.72,0.9472114,0.9353175763386764,0.9418591793524045
2015-06-03,-14.79,-70.72,0.8639573,0.8384417295263625,0.8524752932868632
2015-06-04,-14.79,-70.72,0.9723426,0.960658487777861,0.9670847495000374
2015-06-05,-14.79,-70.72,0.9864709,0.9829636139923028,0.9848926212965363
2015-06-06,-14.79,-70.72,0.98852193,0.987366603107989,0.988002032898595
2015-06-07,-14.79,-70.72,0.9944753,0.991928018985592,0.9933290235435165
2015-06-08,-14.79,-70.72,0.99733895,0.9965051419252704,0.9969637363663717
2015-06-09,-14.79,-70.72,0.9939756,0.9965729450255654,0.9951444052615044
2015-06-10,-14.79,-70.72,0.9977417,0.996878099508814,0.9973530797789664
2015-06-11,-14.79,-70.72,0.98029673,0.974791917728758,0.977819564477941
2015-06-12,-14.79,-70.72,0.99301857,0.9891576116656426,0.9912811387495393
2015-06-13,-14.79,-70.72,0.99650526,0.9945489559541651,0.9956249231793743
2015-06-14,-14.79,-70.72,0.9978059,0.9966823898171836,0.9973003204177326
2015-06-15,-14.79,-70.72,0.99779487,0.9973005114933664,0.9975724086720149
2015-06-16,-14.79,-70.72,0.9961195,0.9968341282670836,0.9964410827201877
2015-06-17,-14.79,-70.72,0.98979986,0.9840921468680328,0.9872313890906148
2015-06-18,-14.79,-70.72,0.99066156,0.9856475682635149,0.9884052637185817
2015-06-19,-14.79,-70.72,0.99040574,0.987664995636397,0.9891724050363787
2015-06-20,-14.79,-70.72,0.98687625,0.9846959979782304,0.9858951365902038
2015-06-21,-14.79,-70.72,0.9925196,0.9909617733077652,0.9918185779884944
2015-06-22,-14.79,-70.72,0.994827,0.993721485799197,0.9943295186096387
2015-06-23,-14.79,-70.72,0.995171,0.9929176638942872,0.9941569987524292
2015-06-24,-14.79,-70.72,0.9947766,0.9930645126282815,0.9940061606827267
2015-06-25,-14.79,-70.72,0.9964006,0.9949167207459468,0.9957328543356762
2015-06-26,-14.79,-70.72,0.99540496,0.9935844477892262,0.9945857295051518
2015-06-27,-14.79,-70.72,0.9953799,0.9935567592684952,0.994559486670823
2015-06-28,-14.79,-70.72,0.9958923,0.994814093705024,0.9954071071672608
2015-06-29,-14.79,-70.72,0.9958324,0.9955144416586598,0.995689318746397
2015-06-30,-14.79,-70.72,0.9986066,0.9965209097530436,0.9976680393888697
2015-07-01,-14.79,-70.72,0.99915135,0.997683279463118,0.9984907182584031
2015-07-02,-14.79,-70.72,0.9984849,0.9977616021252048,0.9981594159563423
2015-07-03,-14.79,-70.72,0.9957569,0.995157399803738,0.9954871249116821
2015-07-04,-14.79,-70.72,0.7328658,0.8127316265553469,0.7688054219499062
2015-07-05,-14.79,-70.72,0.93561804,0.9332133228300808,0.9345359172735365
2015-07-06,-14.79,-70.72,0.94472957,0.9304380381373842,0.9382983806618229
2015-07-07,-14.79,-70.72,0.99099684,0.9738794520062322,0.9832940154028045
2015-07-08,-14.79,-70.72,0.9989741,0.9903889580283968,0.9951107861127786
2015-07-09,-14.79,-70.72,0.99894804,0.997820745760539,0.9984407575922427
2015-07-10,-14.79,-70.72,0.9989561,0.9977737705405352,0.9984240517432409
2015-07-11,-14.79,-70.72,0.998934,0.9977599904160916,0.9984056956872412
2015-07-12,-14.79,-70.72,0.998934,0.9977737705405352,0.9984118967432408
2015-07-13,-14.79,-70.72,0.999138,0.9977009014723164,0.9984913056625424
2015-07-14,-14.79,-70.72,0.9971903,0.9964728801116536,0.9968674610502442
2015-07-15,-14.79,-70.72,0.9901045,0.99504989392789,0.9923299272675505
2015-07-16,-14.79,-70.72,0.984568,0.9786679270884704,0.9819129671898117
2015-07-17,-14.79,-70.72,0.9953359,0.9916479648910024,0.9936763292009512
2015-07-18,-14.79,-70.72,0.99788326,0.9956946872091904,0.9968984022441358
2015-07-19,-14.79,-70.72,0.99771786,0.997116322736029,0.9974471682312132
2015-07-20,-14.79,-70.72,0.99865997,0.9973946774821376,0.998090588366962
2015-07-21,-14.79,-70.72,0.9989699,0.9978063959287026,0.9984463231679161
2015-07-22,-14.79,-70.72,0.9989784,0.9978792968322254,0.9984838035745015
2015-07-23,-14.79,-70.72,0.997959,0.997627570951038,0.9978098569279672
2015-07-24,-14.79,-70.72,0.99661416,0.9961213299533808,0.9963923864790214
2015-07-25,-14.79,-70.72,0.9941491,0.9920488098143778,0.99320396941647
2015-07-26,-14.79,-70.72,0.99407935,0.991417949200018,0.9928817196400082
2015-07-27,-14.79,-70.72,0.99533856,0.9931356297678844,0.9943472413955481
2015-07-28,-14.79,-70.72,0.9979672,0.9953724704371788,0.9967995716967306
2015-07-29,-14.79,-70.72,0.99675155,0.9969156528646764,0.9968253962891045
2015-07-30,-14.79,-70.72,0.9966935,0.9966007732431792,0.9966517729594306
2015-07-31,-14.79,-70.72,0.9979328,0.9966754367638534,0.997366986543734
2015-08-01,-14.79,-70.72,0.9976412,0.9967799418521271,0.9972536338334572
2015-08-02,-14.79,-70.72,0.9961588,0.9963844194991038,0.9962603287745968
2015-08-03,-14.79,-70.72,0.9953453,0.9958093044309124,0.9955541019939106
2015-08-04,-14.79,-70.72,0.99543947,0.9948617392279184,0.9951794911525633
2015-08-05,-14.79,-70.72,0.9947602,0.9948797777748516,0.9948140099986832
2015-08-06,-14.79,-70.72,0.99375445,0.9949229695053984,0.9942802837774294
2015-08-07,-14.79,-70.72,0.9981358,0.995717421485102,0.997047529668296
2015-08-08,-14.79,-70.72,0.99811125,0.9962642091302192,0.9972800816085987
2015-08-09,-14.79,-70.72,0.989151,0.9942922245015012,0.9914645510256757
2015-08-10,-14.79,-70.72,0.95523834,0.9505033540430792,0.9531075963193856
2015-08-11,-14.79,-70.72,0.99427766,0.97918272937633,0.9874849412193485
2015-08-12,-14.79,-70.72,0.8643997,0.8197771222193978,0.8443195399987291
2015-08-13,-14.79,-70.72,0.8051494,0.7287927674241211,0.7707889153408545
2015-08-14,-14.79,-70.72,0.8036493,0.6859719234250287,0.750694480541263
2015-08-15,-14.79,-70.72,0.95901227,0.93437582450814,0.947925869528663
2015-08-16,-14.79,-70.72,0.9838531,0.9823856609195232,0.9831927524137856
2015-08-17,-14.79,-70.72,0.98296434,0.9838779966037114,0.9833754854716701
2015-08-18,-14.79,-70.72,0.8596538,0.8077496652397557,0.8362969393578901
2015-08-19,-14.79,-70.72,0.9112523,0.9068444541744732,0.9092687693785131
2015-08-20,-14.79,-70.72,0.98639005,0.9718464580101384,0.9798454336045623
2015-08-21,-14.79,-70.72,0.9786219,0.9831967643631108,0.9806805889633999
2015-08-22,-14.79,-70.72,0.98051596,0.9796050555776048,0.9801060530099222
2015-08-23,-14.79,-70.72,0.9902142,0.9878168229174829,0.9891353803128674
2015-08-24,-14.79,-70.72,0.9887766,0.98820000714858,0.9885171332168611
2015-08-25,-14.79,-70.72,0.98294836,0.983797790014386,0.9833306035064737
2015-08-26,-14.79,-70.72,0.98285425,0.9830573934012854,0.9829456645305785
2015-08-27,-14.79,-70.72,0.9749237,0.9746149294036806,0.9747847532316563
2015-08-28,-14.79,-70.72,0.9880926,0.983697750805242,0.9861149178623589
2015-08-29,-14.79,-70.72,0.99758935,0.9898765791347712,0.994118603110647
2015-08-30,-14.79,-70.72,0.99842477,0.9932762351260354,0.996107929306716
2015-08-31,-14.79,-70.72,0.9978696,0.9912570182641014,0.9948939382188458
2015-09-01,-14.79,-70.72,0.9941543,0.9872815911603604,0.9910615810221624
2015-09-02,-14.79,-70.72,0.9610232,0.975202703822902,0.967403976720306
2015-09-03,-14.79,-70.72,0.8141694,0.7544190559873768,0.7872817451943197
2015-09-04,-14.79,-70.72,0.48685506,0.5779413081374609,0.5278438716618574
2015-09-05,-14.79,-70.72,0.31832853,0.1877997573255184,0.2595905822964833
2015-09-06,-14.79,-70.72,0.5279792,0.3523898416129832,0.4489639887258424
2015-09-07,-14.79,-70.72,0.864227,0.8156020303272158,0.8423457636472471
2015-09-08,-14.79,-70.72,0.9778243,0.9575889727681964,0.9687184027456884
2015-09-09,-14.79,-70.72,0.98680335,0.9757816781683368,0.9818435976757516
2015-09-10,-14.79,-70.72,0.98602283,0.9850119933723834,0.9855679535175726
2015-09-11,-14.79,-70.72,0.992577,0.9861643618976178,0.9896913128539281
2015-09-12,-14.79,-70.72,0.95773137,0.9744741172332676,0.9652656062549705
2015-09-13,-14.79,-70.72,0.9442069,0.942701004202606,0.9435292468911727
2015-09-14,-14.79,-70.72,0.96954453,0.9592151548867608,0.9648963111990423
2015-09-15,-14.79,-70.72,0.94037914,0.9458884639895748,0.9428583357953088
2015-09-16,-14.79,-70.72,0.82153034,0.8059728740095451,0.8145294803042953
2015-09-17,-14.79,-70.72,0.91445637,0.9134352224730736,0.9139968536128833
2015-09-18,-14.79,-70.72,0.798764,0.7147349648080333,0.760950934163615
2015-09-19,-14.79,-70.72,0.54053205,0.5960901788755408,0.5655332079939934
2015-09-20,-14.79,-70.72,0.6257177,0.5599480461412835,0.5961213557635776
2015-09-21,-14.79,-70.72,0.50071496,0.4128683918869907,0.46118400434914586
2015-09-22,-14.79,-70.72,0.57996064,0.5177183080442598,0.5519515906199169
2015-09-23,-14.79,-70.72,0.41721597,0.3413463944616614,0.3830746610077477
2015-09-24,-14.79,-70.72,0.32168326,0.3445892935990865,0.33199097511958897
2015-09-25,-14.79,-70.72,0.5678576,0.3486367979028205,0.4692082390562692
2015-09-26,-14.79,-70.72,0.37521845,0.2358587917058436,0.3125066037676296
2015-09-27,-14.79,-70.72,0.34975037,0.1703812100300214,0.2690342480135096
2015-09-28,-14.79,-70.72,0.8153638,0.7564309854548383,0.7888440334546774
2015-09-29,-14.79,-70.72,0.9069702,0.8801088670667173,0.8948826001800229
2015-09-30,-14.79,-70.72,0.9780211,0.9606909825469496,0.9702225471461274
2015-10-01,-14.79,-70.72,0.9295178,0.9460865090723084,0.9369737190825389
2015-10-02,-14.79,-70.72,0.56041676,0.7408353918522199,0.641605144333499
2015-10-03,-14.79,-70.72,0.26894042,0.2665667916560199,0.26787228724520895
2015-10-04,-14.79,-70.72,0.3444825,0.2529795875388272,0.3033061893924723
2015-10-05,-14.79,-70.72,0.814387,0.7729172214634787,0.7957255996585655
2015-10-06,-14.79,-70.72,0.85681254,0.8038204145773561,0.8329660835598103
2015-10-07,-14.79,-70.72,0.942772,0.929552288166805,0.9368231296750624
2015-10-08,-14.79,-70.72,0.92532676,0.9201382147408684,0.9229919146333909
2015-10-09,-14.79,-70.72,0.89984965,0.8996421334137585,0.8997562675361914
2015-10-10,-14.79,-70.72,0.9710062,0.9426300299451632,0.9582369234753235
2015-10-11,-14.79,-70.72,0.9796356,0.9503739916416128,0.9664678762387258
2015-10-12,-14.79,-70.72,0.9888727,0.979319395946868,0.9845737131760908
2015-10-13,-14.79,-70.72,0.99283993,0.9830311470984756,0.9884259776943141
2015-10-14,-14.79,-70.72,0.99703383,0.9842182073092978,0.9912667997891841
2015-10-15,-14.79,-70.72,0.96640676,0.9748396122563552,0.9702015435153599
2015-10-16,-14.79,-70.72,0.9330217,0.9685871100264551,0.9490261345119049
2015-10-17,-14.79,-70.72,0.9353645,0.9599354725295136,0.9464214376382811
2015-10-18,-14.79,-70.72,0.7501732,0.8220077138396071,0.7824987312278233
2015-10-19,-14.79,-70.72,0.7621588,0.7889045272767831,0.7741943772745525
2015-10-20,-14.79,-70.72,0.6272297,0.6016671634547912,0.6157265585546561
2015-10-21,-14.79,-70.72,0.581363,0.499101967226144,0.5443455352517648
2015-10-22,-14.79,-70.72,0.5428751,0.4902989518973383,0.5192158333538023
2015-10-23,-14.79,-70.72,0.7451671,0.7340757762099779,0.74017600429449
2015-10-24,-14.79,-70.72,0.48051456,0.6625408220513654,0.5624263779231145
2015-10-25,-14.79,-70.72,0.58709943,0.7576412915067742,0.6638432676780484
2015-10-26,-14.79,-70.72,0.5586307,0.5811660069332564,0.5687715881199654
2015-10-27,-14.79,-70.72,0.24215202,0.2106374438034875,0.2279704607115694
2015-10-28,-14.79,-70.72,0.1801938,0.1347849421730294,0.1597598139778632
2015-10-29,-14.79,-70.72,0.26184893,0.2477582705511138,0.2555081332480012
2015-01-01,-15.21,-69.76,0.0075502954,0.0077605873410858,0.00764492677348861
2015-01-02,-15.21,-69.76,0.0023342585,0.0061377072035766,0.0040458104166094695
2015-01-03,-15.21,-69.76,0.0011962064,0.0023101746677666,0.00169749212049497
2015-01-04,-15.21,-69.76,0.00086696143,0.0007299001326452,0.00080528384619034
2015-01-05,-15.21,-69.76,0.0029931306,0.0050250164068875,0.003907479213099375
2015-01-06,-15.21,-69.76,0.00257533,0.0034394172498433,0.0029641692624294853
2015-01-07,-15.21,-69.76,0.0017345845,0.0025343452680792,0.00209447684563564
2015-01-08,-15.21,-69.76,0.0009398942,0.0007197519547364,0.0008408301896313801
2015-01-09,-15.21,-69.76,0.001977887,0.0011383491219449,0.001600094954875205
2015-01-10,-15.21,-69.76,0.00175446,0.0010923497165077,0.001456510372428465
2015-01-11,-15.21,-69.76,0.0011611765,0.0010670355519855,0.001118813073393475
2015-01-12,-15.21,-69.76,0.0034712134,0.0041043012625462,0.0037561029381457905
2015-01-13,-15.21,-69.76,0.0068486603,0.0118719537046998,0.00910914233211491
2015-01-14,-15.21,-69.76,0.02256083,0.0246094328713293,0.023482701292098188
2015-01-15,-15.21,-69.76,0.02075974,0.0254515402745066,0.02287105012352797
2015-01-16,-15.21,-69.76,0.13071746,0.2128895621598291,0.1676949059719231
2015-01-17,-15.21,-69.76,0.031019012,0.0930983453392244,0.05895471200265098
2015-01-18,-15.21,-69.76,0.0042476594,0.0103794534553689,0.007006966724916006
2015-01-19,-15.21,-69.76,0.0025233966,0.0013076363546912,0.00197630448961104
2015-01-20,-15.21,-69.76,0.0015980623,0.0009082584971868,0.0012876505887340602
2015-01-21,-15.21,-69.76,0.0065061157,0.0053181543249154,0.005971533081211931
2015-01-22,-15.21,-69.76,0.0035591405,0.0047267107199079,0.004084547098958555
2015-01-23,-15.21,-69.76,0.013055341,0.0133636278786692,0.01319407009540114
2015-01-24,-15.21,-69.76,0.00447214,0.0073547115283357,0.005769297187751065
2015-01-25,-15.21,-69.76,0.0013086543,0.001352432299188,0.0013283543996346
2015-01-26,-15.21,-69.76,0.0007213139,0.0006030945250529,0.000668115181273805
2015-01-27,-15.21,-69.76,0.0066056857,0.0057911526192176,0.00623914581364792
2015-01-28,-15.21,-69.76,0.000723367,0.0006321057858426,0.00068229945362917
2015-01-29,-15.21,-69.76,0.002554318,0.0038986514879597,0.0031592680695818652
2015-01-30,-15.21,-69.76,0.00050768204,0.0006151816721524,0.0005560568744685801
2015-01-31,-15.21,-69.76,0.00055723864,0.0005783914067947,0.000566757385057615
2015-02-01,-15.21,-69.76,0.0014580943,0.0008556314953877,0.001186986037924465
2015-02-02,-15.21,-69.76,0.0037032026,0.0051249613681502,0.0043429940456675906
2015-02-03,-15.21,-69.76,0.026657108,0.0286522046473169,0.027554901491292604
2015-02-04,-15.21,-69.76,0.11881149,0.118468768986156,0.11865726554377021
2015-02-05,-15.21,-69.76,0.057046846,0.077046224381675,0.06604656627175376
2015-02-06,-15.21,-69.76,0.033738304,0.0576206633545313,0.044485365709539086
2015-02-07,-15.21,-69.76,0.0038148565,0.0164461323687416,0.00949893064093372
2015-02-08,-15.21,-69.76,0.0018599426,0.0056262836223286,0.00355479606004787
2015-02-09,-15.21,-69.76,0.0023549497,0.0021826702271851,0.002277423937233295
2015-02-10,-15.21,-69.76,0.004086096,0.0073081578195201,0.005536023818784045
2015-02-11,-15.21,-69.76,0.00065721566,0.000899794967285,0.00076637634827825
2015-02-12,-15.21,-69.76,0.0014732224,0.0030815266330854,0.00219695930488843
2015-02-13,-15.21,-69.76,0.0005318588,0.0004950773823535,0.000515307162059075
2015-02-14,-15.21,-69.76,0.0015303706,0.0017803376639847,0.001642855778793115
2015-02-15,-15.21,-69.76,0.00083593815,0.0011582631763073,0.0009809844118382851
2015-02-16,-15.21,-69.76,0.00087550184,0.0009189174950122,0.00089503888475549
2015-02-17,-15.21,-69.76,0.0009880173,0.0031448308204954,0.0019585833842229302
2015-02-18,-15.21,-69.76,0.0026648499,0.0034862259753051,0.003034469133887295
2015-02-19,-15.21,-69.76,0.014356808,0.0273257085162496,0.02019281323231232
2015-02-20,-15.21,-69.76,0.11016687,0.113141336832802,0.11150538007476091
2015-02-21,-15.21,-69.76,0.0826296,0.1229346003425754,0.10076685015415894
2015-02-22,-15.21,-69.76,0.02018177,0.0627036886665847,0.03931663339996312
2015-02-23,-15.21,-69.76,0.0077580037,0.018392816234815,0.01254366934066675
2015-02-24,-15.21,-69.76,0.0033120464,0.00446492366706,0.0038308411701770007
2015-02-25,-15.21,-69.76,0.006113732,0.0050298624556205,0.005625990705029225
2015-02-26,-15.21,-69.76,0.013653046,0.0297542282518247,0.020898578013321116
2015-02-27,-15.21,-69.76,0.008388811,0.0107552309934318,0.009453699997044311
2015-02-28,-15.21,-69.76,0.016280454,0.0343782039330168,0.02442444146985756
2015-03-01,-15.21,-69.76,0.016989458,0.0162663429227262,0.01666405621522679
2015-03-02,-15.21,-69.76,0.003986844,0.0073081578195201,0.0054814352187840445
2015-03-03,-15.21,-69.76,0.0013398877,0.0011697361588735,0.001263319506493075
2015-03-04,-15.21,-69.76,0.0015454523,0.0009117217103436,0.0012602735346546202
2015-03-05,-15.21,-69.76,0.002171467,0.0011155954347727,0.0016963247956477152
2015-03-06,-15.21,-69.76,0.0027517148,0.0050231951463268,0.00377388095584706
2015-03-07,-15.21,-69.76,0.001603093,0.0037793737907116,0.00258241935582022
2015-03-08,-15.21,-69.76,0.00052854663,0.0006557923359813,0.000585807197691585
2015-03-09,-15.21,-69.76,0.008370596,0.0080240141545962,0.00821463416956829
2015-03-10,-15.21,-69.76,0.0130942175,0.0132271971879898,0.01315405835959541
2015-03-11,-15.21,-69.76,0.008892108,0.0103208411439663,0.009535037914784834
2015-03-12,-15.21,-69.76,0.033873495,0.0338478862620643,0.03386197106792894
2015-03-13,-15.21,-69.76,0.015700407,0.017603929538317,0.016556992142242648
2015-03-14,-15.21,-69.76,0.030108107,0.0325480785477909,0.031206094196505905
2015-03-15,-15.21,-69.76,0.006526521,0.0167995990395018,0.01114940611777581
2015-03-16,-15.21,-69.76,0.05587231,0.0593096785198383,0.05741912583392724
2015-03-17,-15.21,-69.76,0.01752574,0.0247691038007055,0.020785253710317475
2015-03-18,-15.21,-69.76,0.057494193,0.0659807533273206,0.06131314514729427
2015-03-19,-15.21,-69.76,0.0068381764,0.0068187410496499,0.006829430492342456
2015-03-20,-15.21,-69.76,0.00496637,0.0056124666513392,0.00525711349310264
2015-03-21,-15.21,-69.76,0.023635998,0.03140430898219,0.0271317379419855
2015-03-22,-15.21,-69.76,0.006167805,0.0117458160592125,0.008677909976645626
2015-03-23,-15.21,-69.76,0.029535947,0.0267307419733279,0.028273604737997553
2015-03-24,-15.21,-69.76,0.011815414,0.0170834819404705,0.014186044573211726
2015-03-25,-15.21,-69.76,0.054887835,0.080536082926517,0.06642954656693265
2015-03-26,-15.21,-69.76,0.016912574,0.0395290380665533,0.027089982829948987
2015-03-27,-15.21,-69.76,0.04259274,0.0523400028065962,0.04697900826296829
2015-03-28,-15.21,-69.76,0.042165764,0.0360990129946532,0.03943572604759395
2015-03-29,-15.21,-69.76,0.04311547,0.0444906790959111,0.04373431409316
2015-03-30,-15.21,-69.76,0.1447494,0.1669833192299877,0.15475466365349447
2015-03-31,-15.21,-69.76,0.022954093,0.0269698522014392,0.02476118464064764
2015-04-01,-15.21,-69.76,0.017335866,0.0190489485996355,0.018106753169835975
2015-04-02,-15.21,-69.76,0.015158039,0.0199566169977168,0.017317399098972563
2015-04-03,-15.21,-69.76,0.0076043652,0.0117131562198069,0.009453321158913106
2015-04-04,-15.21,-69.76,0.11136972,0.128811177927193,0.11921837606723686
2015-04-05,-15.21,-69.76,0.05362281,0.1158846242539033,0.08164062641425648
2015-04-06,-15.21,-69.76,0.21190876,0.2586799180862962,0.2329557811388333
2015-04-07,-15.21,-69.76,0.09886518,0.1519421883419149,0.12274983375386171
2015-04-08,-15.21,-69.76,0.10154739,0.2095654325251704,0.1501555091363267
2015-04-09,-15.21,-69.76,0.016348232,0.0621715519515161,0.036968725978182244
2015-04-10,-15.21,-69.76,0.07885643,0.1582960456298487,0.11460425703343191
2015-04-11,-15.21,-69.76,0.023328286,0.050030663976636,0.035344356089486204
2015-04-12,-15.21,-69.76,0.05070087,0.0668477622668746,0.05796697152009357
2015-04-13,-15.21,-69.76,0.009081329,0.009557978465521,0.00929582125948445
2015-04-14,-15.21,-69.76,0.0050050765,0.004742279158885,0.0048868176964982505
2015-04-15,-15.21,-69.76,0.0028982935,0.0038580929042446,0.0033302032319100696
2015-04-16,-15.21,-69.76,0.002570291,0.0033525757708331,0.0029223191468748955
2015-04-17,-15.21,-69.76,0.006510688,0.0052203726233287,0.005930046080497915
2015-04-18,-15.21,-69.76,0.03448333,0.0331587474531643,0.03388726785392394
2015-04-19,-15.21,-69.76,0.049241953,0.043799440229897,0.04679282225345365
2015-04-20,-15.21,-69.76,0.03344319,0.0404510629010909,0.0365967328054909
2015-04-21,-15.21,-69.76,0.022106795,0.0354197414320349,0.028097620894415705
2015-04-22,-15.21,-69.76,0.076085754,0.0736712447616231,0.0749992248427304
2015-04-23,-15.21,-69.76,0.07630794,0.0933597918526925,0.08398127333371164
2015-04-24,-15.21,-69.76,0.10589541,0.1383930157312278,0.12051933257905251
2015-04-25,-15.21,-69.76,0.059155155,0.108445924686368,0.08133600135886561
2015-04-26,-15.21,-69.76,0.018227225,0.0113377395235264,0.01512695653558688
2015-04-27,-15.21,-69.76,0.006801273,0.005376528075579,0.0061601377840105505
2015-04-28,-15.21,-69.76,0.048905697,0.0375686092034142,0.04380400749153639
2015-04-29,-15.21,-69.76,0.06471426,0.0540864215234355,0.059931732685545976
2015-04-30,-15.21,-69.76,0.10184799,0.075543657145585,0.09001104021551326
2015-05-01,-15.21,-69.76,0.4232203,0.3063611864651303,0.37063369890930864
2015-05-02,-15.21,-69.76,0.23766309,0.2384074646522096,0.23799805859349432
2015-05-03,-15.21,-69.76,0.7146586,0.7671378243017719,0.7382742509357975
2015-05-04,-15.21,-69.76,0.6559555,0.6931956118767184,0.6727135503445234
2015-05-05,-15.21,-69.76,0.7911737,0.8146987464812796,0.8017599709165759
2015-05-06,-15.21,-69.76,0.78661376,0.8022872684918938,0.7936668388213524
2015-05-07,-15.21,-69.76,0.8658871,0.8818711136650483,0.8730799061492718
2015-05-08,-15.21,-69.76,0.5275921,0.5507943454568973,0.5380331104556039
2015-05-09,-15.21,-69.76,0.2810236,0.2438973117758461,0.26431677029913075
2015-05-10,-15.21,-69.76,0.33532307,0.3229447359688743,0.32975281968599346
2015-05-11,-15.21,-69.76,0.8218189,0.829848103339456,0.8254320415027553
2015-05-12,-15.21,-69.76,0.8562463,0.878454614566063,0.8662400415547284
2015-05-13,-15.21,-69.76,0.5035383,0.5530947490058644,0.525838702052639
2015-05-14,-15.21,-69.76,0.7306474,0.7157896144599115,0.7239613965069602
2015-05-15,-15.21,-69.76,0.33854097,0.3118147171858152,0.3265141562336169
2015-05-16,-15.21,-69.76,0.6376263,0.6535590580129552,0.6447960411058299
2015-05-17,-15.21,-69.76,0.75301886,0.7148295849735717,0.7358336862381073
2015-05-18,-15.21,-69.76,0.53483284,0.4856498717459515,0.5127005042856781
2015-05-19,-15.21,-69.76,0.47218934,0.4406399747419063,0.4579921256338578
2015-05-20,-15.21,-69.76,0.8983492,0.8501972482562026,0.8766808217152912
2015-05-21,-15.21,-69.76,0.7759636,0.7432947794308086,0.7612626307438639
2015-05-22,-15.21,-69.76,0.9499479,0.9457088897114856,0.9480403453701686
2015-05-23,-15.21,-69.76,0.97519886,0.9664225489119008,0.9712495200103555
2015-05-24,-15.21,-69.76,0.95512426,0.9725710591024018,0.9629753195960808
2015-05-25,-15.21,-69.76,0.9677613,0.9745333240075288,0.970808710803388
2015-05-26,-15.21,-69.76,0.9318004,0.9279504062342232,0.9300679028054004
2015-05-27,-15.21,-69.76,0.9300909,0.9221683997129592,0.9265257748708318
2015-05-28,-15.21,-69.76,0.9027952,0.898094303271966,0.9006797964723847
2015-05-29,-15.21,-69.76,0.9754519,0.9653883780757844,0.970923315134103
2015-05-30,-15.21,-69.76,0.9778145,0.9718047555063714,0.9751101149778671
2015-05-31,-15.21,-69.76,0.9778762,0.9807991228548026,0.9791915152846613
2015-06-01,-15.21,-69.76,0.93360686,0.9332226088503296,0.9334339469826484
2015-06-02,-15.21,-69.76,0.2750971,0.3051898227803584,0.28863882525116125
2015-06-03,-15.21,-69.76,0.5758847,0.5452871717008609,0.5621158122653874
2015-06-04,-15.21,-69.76,0.82426697,0.7892671220389457,0.8085170384175255
2015-06-05,-15.21,-69.76,0.90773934,0.9148995599753432,0.9109614389889045
2015-06-06,-15.21,-69.76,0.9575719,0.9609914094631518,0.9591106792584183
2015-06-07,-15.21,-69.76,0.992061,0.9832072809989868,0.9880768264495441
2015-06-08,-15.21,-69.76,0.99205446,0.9919120384729252,0.9919903703128163
2015-06-09,-15.21,-69.76,0.9956766,0.9947621726617334,0.9952651076977801
2015-06-10,-15.21,-69.76,0.99449605,0.9962451216260388,0.9952831322317175
2015-06-11,-15.21,-69.76,0.96186274,0.9550239158634664,0.9587852691385599
2015-06-12,-15.21,-69.76,0.9845489,0.982264789987136,0.9835210504942111
2015-06-13,-15.21,-69.76,0.9785088,0.975947060846766,0.9773560173810447
2015-06-14,-15.21,-69.76,0.99420124,0.992028709541794,0.9932236012938074
2015-06-15,-15.21,-69.76,0.99405956,0.9945794825320428,0.9942935251394192
2015-06-16,-15.21,-69.76,0.9882057,0.9901561128214486,0.9890833857696518
2015-06-17,-15.21,-69.76,0.9296792,0.9170747305515516,0.9240071887481982
2015-06-18,-15.21,-69.76,0.9655321,0.9629198133891572,0.9643565710251207
2015-06-19,-15.21,-69.76,0.9452766,0.9361828969838494,0.9411844336427323
2015-06-20,-15.21,-69.76,0.9657669,0.9665153991067856,0.9661037245980535
2015-06-21,-15.21,-69.76,0.97604954,0.9699274523057292,0.9732946005375782
2015-06-22,-15.21,-69.76,0.97938216,0.9763105825240904,0.9779999501358407
2015-06-23,-15.21,-69.76,0.9883083,0.9883345719980684,0.9883201223991309
2015-06-24,-15.21,-69.76,0.9773825,0.9804144994981192,0.9787468997741537
2015-06-25,-15.21,-69.76,0.9773861,0.978783119465802,0.978014758759611
2015-06-26,-15.21,-69.76,0.9726484,0.9769757482162496,0.9745957066973123
2015-06-27,-15.21,-69.76,0.94248676,0.937492270954278,0.9402392399294252
2015-06-28,-15.21,-69.76,0.987224,0.9819315533776474,0.9848423990199413
2015-06-29,-15.21,-69.76,0.97875494,0.9774630570056156,0.9781735926525271
2015-06-30,-15.21,-69.76,0.99588794,0.9915119593086672,0.9939187486889003
2015-07-01,-15.21,-69.76,0.99767846,0.9960874515634204,0.9969625062035392
2015-07-02,-15.21,-69.76,0.992997,0.9952541086360296,0.9940126988862135
2015-07-03,-15.21,-69.76,0.9799732,0.9804360557044852,0.9801814850670183
2015-07-04,-15.21,-69.76,0.7330268,0.7222225014364967,0.7281648656464235
2015-07-05,-15.21,-69.76,0.7234918,0.6943889048757028,0.7103954971940662
2015-07-06,-15.21,-69.76,0.88271403,0.8464230362846807,0.8663830828281065
2015-07-07,-15.21,-69.76,0.985061,0.9704953095699276,0.9785064393064674
2015-07-08,-15.21,-69.76,0.9870286,0.9847753345394824,0.9860146305427671
2015-07-09,-15.21,-69.76,0.99779165,0.9950341464442805,0.9965507733999263
2015-07-10,-15.21,-69.76,0.9977412,0.9975965214779666,0.997676094665085
2015-07-11,-15.21,-69.76,0.99731475,0.9973102030292336,0.9973127038631552
2015-07-12,-15.21,-69.76,0.9961138,0.9962940174048676,0.9961948978321904
2015-07-13,-15.21,-69.76,0.99632865,0.9952652165909892,0.9958501049659452
2015-07-14,-15.21,-69.76,0.9956045,0.9960013170205616,0.9957830676592527
2015-07-15,-15.21,-69.76,0.9919626,0.9930118990418616,0.9924347845688378
2015-07-16,-15.21,-69.76,0.9791332,0.9798803743822456,0.9794694284720106
2015-07-17,-15.21,-69.76,0.9810121,0.9789349197801144,0.9800773689010516
2015-07-18,-15.21,-69.76,0.9894326,0.9884852105585944,0.9890062747513675
2015-07-19,-15.21,-69.76,0.99319917,0.9921038075946772,0.9927062569176048
2015-07-20,-15.21,-69.76,0.99615115,0.994753583696354,0.9955222451633593
2015-07-21,-15.21,-69.76,0.9972398,0.996801883714308,0.9970427376714386
2015-07-22,-15.21,-69.76,0.9954465,0.9955349568166336,0.9954863055674852
2015-07-23,-15.21,-69.76,0.9889671,0.9908313448756684,0.9898060101940508
2015-07-24,-15.21,-69.76,0.9810106,0.9828896553456828,0.9818561749055574
2015-07-25,-15.21,-69.76,0.9724015,0.9722869969763916,0.9723499736393764
2015-07-26,-15.21,-69.76,0.9596336,0.9501205336072912,0.9553527201232811
2015-07-27,-15.21,-69.76,0.9724744,0.9727948559755212,0.9726186051889847
2015-07-28,-15.21,-69.76,0.97703177,0.9696693078308908,0.9737186620239009
2015-07-29,-15.21,-69.76,0.9795663,0.9764931792228954,0.978183395650303
2015-07-30,-15.21,-69.76,0.989286,0.9881208033894352,0.9887616615252459
2015-07-31,-15.21,-69.76,0.9936898,0.992104704861432,0.9929765071876444
2015-08-01,-15.21,-69.76,0.9870974,0.9901677295563416,0.9884790483003537
2015-08-02,-15.21,-69.76,0.9918794,0.9917185914442987,0.9918070361499345
2015-08-03,-15.21,-69.76,0.9845354,0.9873178749658263,0.9857875137346219
2015-08-04,-15.21,-69.76,0.98434794,0.9823529110213004,0.9834501769595851
2015-08-05,-15.21,-69.76,0.9806147,0.9811795393891768,0.9808688777251295
2015-08-06,-15.21,-69.76,0.9751075,0.9784786305239777,0.97662450873579
2015-08-07,-15.21,-69.76,0.9901424,0.986021645089093,0.9882880602900919
2015-08-08,-15.21,-69.76,0.9846991,0.9878509629775446,0.9861174383398952
2015-08-09,-15.21,-69.76,0.9710812,0.977127608191043,0.9738020836859694
2015-08-10,-15.21,-69.76,0.7044559,0.7066556321773456,0.7054457794798056
2015-08-11,-15.21,-69.76,0.9785584,0.6621763178957616,0.8361864630530927
2015-08-12,-15.21,-69.76,0.5336111,0.697310663348838,0.6072759035069771
2015-08-13,-15.21,-69.76,0.6934848,0.6688103244712498,0.6823812860120624
2015-08-14,-15.21,-69.76,0.6969211,0.6194942335796987,0.6620790101108645
2015-08-15,-15.21,-69.76,0.79073,0.7410180368708569,0.7683596165918857
2015-08-16,-15.21,-69.76,0.95423603,0.9351657712230572,0.9456544135503758
2015-08-17,-15.21,-69.76,0.91416293,0.9116446282730992,0.9130296942228946
2015-08-18,-15.21,-69.76,0.7952393,0.767073664074671,0.782564763833602
2015-08-19,-15.21,-69.76,0.66482073,0.6067615277657441,0.6386940889945849
2015-08-20,-15.21,-69.76,0.8578941,0.856700181043923,0.8573568364697655
2015-08-21,-15.21,-69.76,0.8769726,0.8557785830996791,0.8674352923948556
2015-08-22,-15.21,-69.76,0.85833204,0.8489587935413779,0.8541140790936201
2015-08-23,-15.21,-69.76,0.90092915,0.8867532118957897,0.8945499778531054
2015-08-24,-15.21,-69.76,0.83178973,0.8331539779663637,0.8324036415848637
2015-08-25,-15.21,-69.76,0.84460294,0.8148535354988035,0.8312157079744616
2015-08-26,-15.21,-69.76,0.5105324,0.5204906589084229,0.5150136165087903
2015-08-27,-15.21,-69.76,0.9119075,0.889869119842256,0.9019902289290153
2015-08-28,-15.21,-69.76,0.94830775,0.9481454598255328,0.9482347194214897
2015-08-29,-15.21,-69.76,0.97536135,0.9743996492897218,0.9749285846803749
2015-08-30,-15.21,-69.76,0.98994154,0.9883990585538276,0.9892474233492226
2015-08-31,-15.21,-69.76,0.99460757,0.991285178226544,0.9931124937019449
2015-09-01,-15.21,-69.76,0.9775058,0.9890088317995532,0.982682164309799
2015-09-02,-15.21,-69.76,0.6773038,0.6982956722985324,0.6867501425343396
2015-09-03,-15.21,-69.76,0.37038237,0.3825151366348819,0.37584211498569686
2015-09-04,-15.21,-69.76,0.07561091,0.0807942221932846,0.07794340048697807
2015-09-05,-15.21,-69.76,0.040851872,0.0363510067119074,0.03882648262035833
2015-09-06,-15.21,-69.76,0.124891676,0.0613327351464404,0.09629015261589818
2015-09-07,-15.21,-69.76,0.20541878,0.1286651970888113,0.1708796676899651
2015-09-08,-15.21,-69.76,0.80845904,0.7786105296150285,0.7950272103267628
2015-09-09,-15.21,-69.76,0.94862455,0.9363257042588712,0.9430900694164921
2015-09-10,-15.21,-69.76,0.9553364,0.952029874801288,0.9538484636605795
2015-09-11,-15.21,-69.76,0.9482597,0.9538263320216568,0.9507646844097457
2015-09-12,-15.21,-69.76,0.9410377,0.9316969097418044,0.9368343443838121
2015-09-13,-15.21,-69.76,0.8432567,0.8338309760094509,0.839015124204253
2015-09-14,-15.21,-69.76,0.8920748,0.8654143633063478,0.8800776034878566
2015-09-15,-15.21,-69.76,0.7772977,0.7417482109156447,0.76130042991204
2015-09-16,-15.21,-69.76,0.80037457,0.7699973388060404,0.7867048159627182
2015-09-17,-15.21,-69.76,0.48458835,0.4345445720504471,0.46206864992270125
2015-09-18,-15.21,-69.76,0.5976041,0.5031873979921984,0.5551165840964893
2015-09-19,-15.21,-69.76,0.2733024,0.2607996724820833,0.2676761726169375
2015-09-20,-15.21,-69.76,0.23413695,0.1749671823715446,0.20751055456719508
2015-09-21,-15.21,-69.76,0.103090435,0.0945691073898249,0.0992558375754212
2015-09-22,-15.21,-69.76,0.48310465,0.417759633451347,0.4536993925531062
2015-09-23,-15.21,-69.76,0.27455592,0.345439334315721,0.30645345644207445
2015-09-24,-15.21,-69.76,0.25551736,0.2968384208611223,0.27411183738750505
2015-09-25,-15.21,-69.76,0.05025965,0.0448673579911666,0.04783311859602497
2015-09-26,-15.21,-69.76,0.078630514,0.0785328398619515,0.07858656063787818
2015-09-27,-15.21,-69.76,0.032017563,0.0333454646983593,0.03261511876426169
2015-09-28,-15.21,-69.76,0.6227611,0.539912752691048,0.5854793437109715
2015-09-29,-15.21,-69.76,0.3531193,0.3539179949654067,0.3534787127344331
2015-09-30,-15.21,-69.76,0.8132869,0.82787781653723,0.8198528124417536
2015-10-01,-15.21,-69.76,0.67930835,0.6761799328488177,0.677900562281968
2015-10-02,-15.21,-69.76,0.604479,0.6579731501338617,0.6285513675602378
2015-10-03,-15.21,-69.76,0.13624212,0.2432937785650937,0.18441536635429218
2015-10-04,-15.21,-69.76,0.17662086,0.1843179906410453,0.1800845687884704
2015-10-05,-15.21,-69.76,0.25388235,0.2040564995143694,0.23146071728146625
2015-10-06,-15.21,-69.76,0.6070532,0.6211306511173865,0.613388053002824
2015-10-07,-15.21,-69.76,0.76898825,0.7590217929043565,0.7645033443069604
2015-10-08,-15.21,-69.76,0.68980926,0.6558190618704316,0.6745136708416942
2015-10-09,-15.21,-69.76,0.384616,0.3887868418476441,0.3864928788314399
2015-10-10,-15.21,-69.76,0.91475433,0.8511068192775589,0.8861129501749017
2015-10-11,-15.21,-69.76,0.91638285,0.8465156071412896,0.8849425907135804
2015-10-12,-15.21,-69.76,0.92315066,0.9249718715616742,0.9239702052027534
2015-10-13,-15.21,-69.76,0.93577844,0.9384123722149889,0.9369637094967451
2015-10-14,-15.21,-69.76,0.96089077,0.9582780253161136,0.9597150348922512
2015-10-15,-15.21,-69.76,0.9210193,0.9421288062688667,0.9305185778209901
2015-10-16,-15.21,-69.76,0.5831805,0.6698902542575073,0.6221998894158782
2015-10-17,-15.21,-69.76,0.630655,0.690678794237622,0.65766570740693
2015-10-18,-15.21,-69.76,0.4979112,0.6044920909863577,0.545872600943861
2015-10-19,-15.21,-69.76,0.13061649,0.2081843461122104,0.1655220252504947
2015-10-20,-15.21,-69.76,0.31789216,0.3598575461632798,0.3367765837734759
2015-10-21,-15.21,-69.76,0.11436167,0.1562120803409628,0.13319435465343327
2015-10-22,-15.21,-69.76,0.14457245,0.2001616493406744,0.16958758970330348
2015-10-23,-15.21,-69.76,0.3734227,0.3480381602911563,0.36199965713102034
2015-10-24,-15.21,-69.76,0.22970772,0.3052224079046774,0.2636893295571049
2015-10-25,-15.21,-69.76,0.046289776,0.0708337612923477,0.05733456938155647
2015-10-26,-15.21,-69.76,0.068337806,0.109109023778192,0.08668485400018641
2015-10-27,-15.21,-69.76,0.034676757,0.0330091977159794,0.03392635532219074
2015-10-28,-15.21,-69.76,0.005054902,0.0059030450693297,0.005436566381198365
2015-10-29,-15.21,-69.76,0.0031970737,0.0036928108372241,0.0034201554117508455
2015-01-01,-16.75,-69.71,0.4555426,0.4893403407962175,0.4707515833582979
2015-01-02,-16.75,-69.71,0.148939,0.2912166936730468,0.21296396215287108
2015-01-03,-16.75,-69.71,0.29550606,0.2812994812318338,0.28911309955432524
2015-01-04,-16.75,-69.71,0.14299385,0.1646867744506891,0.1527556660028101
2015-01-05,-16.75,-69.71,0.08734128,0.0764412350887821,0.08243625978995195
2015-01-06,-16.75,-69.71,0.16036269,0.1050853831199737,0.13548790190398818
2015-01-07,-16.75,-69.71,0.3023722,0.1743039113090583,0.24474147008907624
2015-01-08,-16.75,-69.71,0.62675595,0.5009791014352714,0.5701563681458721
2015-01-09,-16.75,-69.71,0.22781275,0.2137734509415645,0.22149506542370406
2015-01-10,-16.75,-69.71,0.1256693,0.1363498580516577,0.13047555112324596
2015-01-11,-16.75,-69.71,0.17980736,0.1737193906946166,0.1770677738125775
2015-01-12,-16.75,-69.71,0.119184755,0.1081535627322913,0.11422071847953108
2015-01-13,-16.75,-69.71,0.19293499,0.1498708245422093,0.1735561155439942
2015-01-14,-16.75,-69.71,0.3720207,0.2192575629538747,0.3032772883292436
2015-01-15,-16.75,-69.71,0.92399156,0.8723649188735163,0.9007595714930824
2015-01-16,-16.75,-69.71,0.92226166,0.9293475915937912,0.925450329217206
2015-01-17,-16.75,-69.71,0.6671936,0.6900404053487157,0.6774746624069221
2015-01-18,-16.75,-69.71,0.78049237,0.8100739940373448,0.7938041008168053
2015-01-19,-16.75,-69.71,0.6956367,0.7046944683827473,0.6997126957722364
2015-01-20,-16.75,-69.71,0.62721586,0.6872609538277729,0.6542361522224978
2015-01-21,-16.75,-69.71,0.0981862,0.1472324339285169,0.12025700526783262
2015-01-22,-16.75,-69.71,0.080140986,0.084922966273588,0.0822928771231146
2015-01-23,-16.75,-69.71,0.04252032,0.0285457005321243,0.03623174123945594
2015-01-24,-16.75,-69.71,0.08832425,0.0666726991347466,0.07858105211063598
2015-01-25,-16.75,-69.71,0.028763985,0.0330881074114874,0.030709840085169332
2015-01-26,-16.75,-69.71,0.20826352,0.1165491189361482,0.1669920395212667
2015-01-27,-16.75,-69.71,0.547259,0.5425908129581395,0.5451583158311628
2015-01-28,-16.75,-69.71,0.6430922,0.6383866507768681,0.6409747028495907
2015-01-29,-16.75,-69.71,0.4813025,0.5732773161549561,0.5226911672697303
2015-01-30,-16.75,-69.71,0.10491788,0.101600471771646,0.10342504629724071
2015-01-31,-16.75,-69.71,0.05832525,0.0588687449169857,0.05856982271264358
2015-02-01,-16.75,-69.71,0.07166435,0.0370896845962395,0.056105750568307786
2015-02-02,-16.75,-69.71,0.18273464,0.1028834350111265,0.14680159775500695
2015-02-03,-16.75,-69.71,0.16185765,0.0963018377206348,0.13235753447428567
2015-02-04,-16.75,-69.71,0.55261505,0.3802433979224247,0.47504780656509116
2015-02-05,-16.75,-69.71,0.48004496,0.4126282275406533,0.449707430393294
2015-02-06,-16.75,-69.71,0.4350987,0.5033302406923791,0.46580289331157065
2015-02-07,-16.75,-69.71,0.47517714,0.4083652616337216,0.44511179473517476
2015-02-08,-16.75,-69.71,0.2094766,0.1269908812249028,0.17235802655120627
2015-02-09,-16.75,-69.71,0.0536219,0.0567827101247034,0.05504426455611654
2015-02-10,-16.75,-69.71,0.0146578,0.0270122130736662,0.02021728588314979
2015-02-11,-16.75,-69.71,0.0047444794,0.017866333013965,0.010649313526284251
2015-02-12,-16.75,-69.71,0.007362675,0.0151722462406139,0.010876982058276256
2015-02-13,-16.75,-69.71,0.060587674,0.076141803112652,0.06758703210069342
2015-02-14,-16.75,-69.71,0.030753471,0.027445881415122,0.029265055686804903
2015-02-15,-16.75,-69.71,0.06715048,0.1151351999623893,0.08874360398307518
2015-02-16,-16.75,-69.71,0.4146804,0.1058765069829609,0.27571864814233243
2015-02-17,-16.75,-69.71,0.027813872,0.0224752102082955,0.025411474193732977
2015-02-18,-16.75,-69.71,0.4766288,0.3304324938977505,0.41084046225398774
2015-02-19,-16.75,-69.71,0.8663548,0.832359917342543,0.8510571028041444
2015-02-20,-16.75,-69.71,0.96933526,0.9481709699388268,0.9598113294724722
2015-02-21,-16.75,-69.71,0.81832576,0.806489840095479,0.8129995960429656
2015-02-22,-16.75,-69.71,0.44073203,0.5229691585486459,0.4777387378468907
2015-02-23,-16.75,-69.71,0.15919489,0.2191331215017597,0.18616709417579186
2015-02-24,-16.75,-69.71,0.28846654,0.187816853537873,0.24317418109204286
2015-02-25,-16.75,-69.71,0.43950507,0.2190535768014501,0.3403018980606526
2015-02-26,-16.75,-69.71,0.8001851,0.6283997311143401,0.7228816840014531
2015-02-27,-16.75,-69.71,0.1682089,0.2181830830905566,0.19069728239075046
2015-02-28,-16.75,-69.71,0.7645794,0.6695842295585893,0.7218315733013652
2015-03-01,-16.75,-69.71,0.71017736,0.6984378234106543,0.7048945685347945
2015-03-02,-16.75,-69.71,0.26238808,0.2762290667240015,0.2686165240258007
2015-03-03,-16.75,-69.71,0.44499,0.298175913925485,0.37892366126646826
2015-03-04,-16.75,-69.71,0.17521991,0.1599732878508229,0.16835893003287034
2015-03-05,-16.75,-69.71,0.060975533,0.0837319575047225,0.07121592402712512
2015-03-06,-16.75,-69.71,0.06698197,0.10188662966465,0.0826890668490925
2015-03-07,-16.75,-69.71,0.011628061,0.0204470508533274,0.01559660643399733
2015-03-08,-16.75,-69.71,0.029725458,0.0332066355193855,0.03129198788372348
2015-03-09,-16.75,-69.71,0.010685911,0.0230592177763641,0.016253899049363845
2015-03-10,-16.75,-69.71,0.061882824,0.0390313742174046,0.051599671597832075
2015-03-11,-16.75,-69.71,0.030596374,0.0557130927092498,0.04189889741916241
2015-03-12,-16.75,-69.71,0.08222141,0.1332999616749456,0.10520675825372552
2015-03-13,-16.75,-69.71,0.58179224,0.3654022433041394,0.48441674148686276
2015-03-14,-16.75,-69.71,0.3154492,0.1795676540759712,0.25430250433418705
2015-03-15,-16.75,-69.71,0.32502565,0.284231784162374,0.30666841037306836
2015-03-16,-16.75,-69.71,0.55622774,0.483142938607715,0.5233395793734718
2015-03-17,-16.75,-69.71,0.16803306,0.1289779248040505,0.15045824916182274
2015-03-18,-16.75,-69.71,0.015759844,0.0668534948889108,0.03875198690000986
2015-03-19,-16.75,-69.71,0.02312723,0.0273009925821612,0.025005423161972542
2015-03-20,-16.75,-69.71,0.044311874,0.0349756712774019,0.04011058277483086
2015-03-21,-16.75,-69.71,0.07464383,0.0673600286073456,0.07136611937330553
2015-03-22,-16.75,-69.71,0.10057525,0.1185161721056663,0.10864866494754985
2015-03-23,-16.75,-69.71,0.08950897,0.1081581810843621,0.09790111498796294
2015-03-24,-16.75,-69.71,0.17862952,0.1509346885254794,0.16616684583646574
2015-03-25,-16.75,-69.71,0.21789299,0.1590705882670606,0.1914229092201773
2015-03-26,-16.75,-69.71,0.22108886,0.1675938541289668,0.19701610735803507
2015-03-27,-16.75,-69.71,0.45946345,0.3711912136155841,0.41974094362701286
2015-03-28,-16.75,-69.71,0.8154725,0.7509560121067831,0.7864400804480525
2015-03-29,-16.75,-69.71,0.9629206,0.9349268299222844,0.950323403465028
2015-03-30,-16.75,-69.71,0.97045654,0.9560452762471976,0.963971471311239
2015-03-31,-16.75,-69.71,0.928149,0.9472971764646442,0.93676567940909
2015-04-01,-16.75,-69.71,0.8333891,0.8642438440669136,0.8472737348301111
2015-04-02,-16.75,-69.71,0.33214727,0.298729173228417,0.31710912645278766
2015-04-03,-16.75,-69.71,0.79644215,0.6303247827632514,0.7216893347434632
2015-04-04,-16.75,-69.71,0.92206824,0.8273880148144235,0.8794621386664906
2015-04-05,-16.75,-69.71,0.9600965,0.8907856048311846,0.9289065971740331
2015-04-06,-16.75,-69.71,0.9087847,0.9121391134592072,0.9102941860566433
2015-04-07,-16.75,-69.71,0.87617254,0.8456743498685216,0.8624483544408348
2015-04-08,-16.75,-69.71,0.94366926,0.9585488094809383,0.9503650572664223
2015-04-09,-16.75,-69.71,0.7351748,0.5997522356741574,0.6742346460533708
2015-04-10,-16.75,-69.71,0.22130197,0.1483277218048259,0.18846355831217165
2015-04-11,-16.75,-69.71,0.13188894,0.117478311521086,0.12540415718448872
2015-04-12,-16.75,-69.71,0.23102371,0.1159475537086706,0.17923943966890177
2015-04-13,-16.75,-69.71,0.16291033,0.1194451287311556,0.14335098942902003
2015-04-14,-16.75,-69.71,0.22332041,0.1752634095174593,0.2016947597828567
2015-04-15,-16.75,-69.71,0.8905792,0.8240689022428525,0.8606495660092837
2015-04-16,-16.75,-69.71,0.951207,0.9051058486555617,0.9304614818950028
2015-04-17,-16.75,-69.71,0.84370255,0.8379415942192615,0.8411101198986677
2015-04-18,-16.75,-69.71,0.6895054,0.7345502775885384,0.7097755949148423
2015-04-19,-16.75,-69.71,0.7412534,0.6731768732806251,0.7106189629762814
2015-04-20,-16.75,-69.71,0.55292135,0.346263967853782,0.45992552803420195
2015-04-21,-16.75,-69.71,0.26138037,0.1711171881941535,0.22076193818736906
2015-04-22,-16.75,-69.71,0.8958465,0.8528422767803597,0.8764945995511619
2015-04-23,-16.75,-69.71,0.33154893,0.2406486228819427,0.2906437917968742
2015-04-24,-16.75,-69.71,0.16453479,0.1090028485640588,0.13954541635382647
2015-04-25,-16.75,-69.71,0.270775,0.1255784341910443,0.20543654538596995
2015-04-26,-16.75,-69.71,0.5489075,0.2128585421336004,0.39768546896012025
2015-04-27,-16.75,-69.71,0.625863,0.478176097916753,0.5594038940625389
2015-04-28,-16.75,-69.71,0.43271858,0.2479260450831393,0.34956193928741275
2015-04-29,-16.75,-69.71,0.8895327,0.7613271717532188,0.8318402122889486
2015-04-30,-16.75,-69.71,0.90426326,0.8395380829977737,0.8751369303489982
2015-05-01,-16.75,-69.71,0.96488845,0.95213000726159,0.9591471507677155
2015-05-02,-16.75,-69.71,0.95235556,0.9467833765297792,0.9498480774384006
2015-05-03,-16.75,-69.71,0.99694306,0.9865134321358292,0.9922497274611233
2015-05-04,-16.75,-69.71,0.99806625,0.99470973340945,0.9965558175342526
2015-05-05,-16.75,-69.71,0.9960848,0.9960001573132076,0.9960467107909434
2015-05-06,-16.75,-69.71,0.99589795,0.9961610633543404,0.9960163510094532
2015-05-07,-16.75,-69.71,0.99556595,0.9957279402084872,0.9956388455938193
2015-05-08,-16.75,-69.71,0.9744941,0.9694408847626788,0.9722201531432055
2015-05-09,-16.75,-69.71,0.9875544,0.9826482500033492,0.9853466325015072
2015-05-10,-16.75,-69.71,0.9886014,0.9796959584103516,0.9845939512846582
2015-05-11,-16.75,-69.71,0.9950197,0.9949476425402972,0.9949872741431338
2015-05-12,-16.75,-69.71,0.99663347,0.996787668617124,0.9967028593777059
2015-05-13,-16.75,-69.71,0.99721897,0.9956254936581872,0.9965019056461843
2015-05-14,-16.75,-69.71,0.998097,0.998116386306226,0.9981057238378017
2015-05-15,-16.75,-69.71,0.99682826,0.997637096297939,0.9971922363340726
2015-05-16,-16.75,-69.71,0.9966233,0.9981194014546964,0.9972965456546135
2015-05-17,-16.75,-69.71,0.9727453,0.956251998025564,0.9653233141115038
2015-05-18,-16.75,-69.71,0.9906816,0.9843979715664452,0.9878539672049004
2015-05-19,-16.75,-69.71,0.9976782,0.9888557863680276,0.9937081138656125
2015-05-20,-16.75,-69.71,0.99907506,0.998400746183796,0.9987716187827083
2015-05-21,-16.75,-69.71,0.99914944,0.9988165439791072,0.9989996367905982
2015-05-22,-16.75,-69.71,0.99921227,0.9988475482300676,0.9990481452035305
2015-05-23,-16.75,-69.71,0.99906546,0.998989011994708,0.9990310583976187
2015-05-24,-16.75,-69.71,0.9992186,0.9991005888821702,0.9991654949969766
2015-05-25,-16.75,-69.71,0.99554366,0.9729009505680414,0.9853544407556187
2015-05-26,-16.75,-69.71,0.99808747,0.9985587117879332,0.99829952880457
2015-05-27,-16.75,-69.71,0.98650485,0.9817656265479072,0.9843721994465583
2015-05-28,-16.75,-69.71,0.99748814,0.9938157803444564,0.9958355781550055
2015-05-29,-16.75,-69.71,0.99919313,0.9966790446527805,0.9980617915937513
2015-05-30,-16.75,-69.71,0.99948055,0.998895080010948,0.9992170885049267
2015-05-31,-16.75,-69.71,0.999297,0.9990895854838534,0.999203663467734
2015-06-01,-16.75,-69.71,0.99800473,0.996265628886672,0.9972221344990024
2015-06-02,-16.75,-69.71,0.9981463,0.9973131928679344,0.9977714017905706
2015-06-03,-16.75,-69.71,0.99850094,0.9981542747692768,0.9983449406461746
2015-06-04,-16.75,-69.71,0.99860746,0.9986380920216504,0.9986212444097429
2015-06-05,-16.75,-69.71,0.99728966,0.996777491384888,0.9970591841231997
2015-06-06,-16.75,-69.71,0.9990626,0.9971098906073071,0.9981838807732882
2015-06-07,-16.75,-69.71,0.9994116,0.9987447365828764,0.9991115114622944
2015-06-08,-16.75,-69.71,0.9993704,0.999181112408718,0.9992852205839231
2015-06-09,-16.75,-69.71,0.99953663,0.9991990008332724,0.9993846968749727
2015-06-10,-16.75,-69.71,0.99954236,0.9991990008332724,0.9993878483749726
2015-06-11,-16.75,-69.71,0.9993399,0.9991061980644969,0.9992347341290236
2015-06-12,-16.75,-69.71,0.99938357,0.9990394506583904,0.9992287162962757
2015-06-13,-16.75,-69.71,0.99951124,0.9990055206952984,0.9992836663128843
2015-06-14,-16.75,-69.71,0.9995148,0.9991990008332724,0.9993726903749727
2015-06-15,-16.75,-69.71,0.9995414,0.9991990008332724,0.9993873203749727
2015-06-16,-16.75,-69.71,0.9995425,0.9992009542921156,0.9993888044314521
2015-06-17,-16.75,-69.71,0.999126,0.9991447090435034,0.9991344190695766
2015-06-18,-16.75,-69.71,0.9984884,0.998596332205445,0.9985369694924504
2015-06-19,-16.75,-69.71,0.9993424,0.9988533315316468,0.9991223191892411
2015-06-20,-16.75,-69.71,0.99898666,0.998932880326978,0.9989624591471402
2015-06-21,-16.75,-69.71,0.9992849,0.9990950439663452,0.9991994647848554
2015-06-22,-16.75,-69.71,0.9993155,0.9990236133300016,0.9991841509985007
2015-06-23,-16.75,-69.71,0.99949944,0.9991470738161228,0.9993408752172553
2015-06-24,-16.75,-69.71,0.99950325,0.9991447090435034,0.9993419065695766
2015-06-25,-16.75,-69.71,0.99955887,0.999142836734947,0.9993716550307262
2015-06-26,-16.75,-69.71,0.9994024,0.9990760691156144,0.9992555511020266
2015-06-27,-16.75,-69.71,0.99916196,0.999003737742926,0.9990907599843166
2015-06-28,-16.75,-69.71,0.9993401,0.9989879356611208,0.9991816260475044
2015-06-29,-16.75,-69.71,0.9994248,0.9990992572852376,0.999278305778357
2015-06-30,-16.75,-69.71,0.99941397,0.9992138414354552,0.999323912145955
2015-07-01,-16.75,-69.71,0.99944204,0.9992138414354552,0.9993393506459549
2015-07-02,-16.75,-69.71,0.9994357,0.9991841339400256,0.9993224952730115
2015-07-03,-16.75,-69.71,0.9975309,0.9891165822130702,0.9937444569958815
2015-07-04,-16.75,-69.71,0.9971896,0.9909869227544106,0.9943983952394848
2015-07-05,-16.75,-69.71,0.97070307,0.9353014083667984,0.9547723222650594
2015-07-06,-16.75,-69.71,0.9920534,0.9867325456978236,0.9896590155640206
2015-07-07,-16.75,-69.71,0.9977683,0.988050933841633,0.9933954852287349
2015-07-08,-16.75,-69.71,0.9983113,0.9983064274731616,0.9983091073629227
2015-07-09,-16.75,-69.71,0.99934953,0.9988414302085916,0.9991208850938663
2015-07-10,-16.75,-69.71,0.99937254,0.9990203612974814,0.9992140595838667
2015-07-11,-16.75,-69.71,0.99957854,0.9992138414354552,0.999414425645955
2015-07-12,-16.75,-69.71,0.9995839,0.9992138414354552,0.9994173736459548
2015-07-13,-16.75,-69.71,0.9994271,0.9992138414354552,0.9993311336459549
2015-07-14,-16.75,-69.71,0.9993648,0.9991957868828388,0.9992887440972775
2015-07-15,-16.75,-69.71,0.9993268,0.9991957868828388,0.9992678440972775
2015-07-16,-16.75,-69.71,0.98351085,0.9747088180476496,0.9795499356214423
2015-07-17,-16.75,-69.71,0.9989761,0.9931527115606176,0.9963555752022779
2015-07-18,-16.75,-69.71,0.99947697,0.9951961416286212,0.9975505972328795
2015-07-19,-16.75,-69.71,0.9994499,0.9991841339400256,0.9993303052730116
2015-07-20,-16.75,-69.71,0.9994597,0.9992138414354552,0.999349063645955
2015-07-21,-16.75,-69.71,0.99944204,0.9992138414354552,0.9993393506459549
2015-07-22,-16.75,-69.71,0.9996228,0.9992138414354552,0.9994387686459549
2015-07-23,-16.75,-69.71,0.9990482,0.9983326395505476,0.9987261977977465
2015-07-24,-16.75,-69.71,0.99873954,0.9990068824484268,0.9988598441017922
2015-07-25,-16.75,-69.71,0.99915826,0.9990556190698228,0.9991120715814203
2015-07-26,-16.75,-69.71,0.99915826,0.9990489726184286,0.999109080678293
2015-07-27,-16.75,-69.71,0.9993754,0.999093287111786,0.9992484492003038
2015-07-28,-16.75,-69.71,0.99957174,0.9991223400704984,0.9993695100317244
2015-07-29,-16.75,-69.71,0.9995685,0.9989150873284232,0.9992744642977904
2015-07-30,-16.75,-69.71,0.9995515,0.9991404491059538,0.9993665270976793
2015-07-31,-16.75,-69.71,0.99955875,0.9991404491059538,0.9993705145976792
2015-08-01,-16.75,-69.71,0.99953187,0.99904898388923,0.9993145712501535
2015-08-02,-16.75,-69.71,0.99953413,0.9991177049674056,0.9993467387353326
2015-08-03,-16.75,-69.71,0.9995664,0.9991157515085624,0.9993636081788531
2015-08-04,-16.75,-69.71,0.99938095,0.9987783407002084,0.9991097758150939
2015-08-05,-16.75,-69.71,0.9993787,0.9989316416534716,0.9991775237440623
2015-08-06,-16.75,-69.71,0.9989768,0.9981783780950976,0.998617510142794
2015-08-07,-16.75,-69.71,0.9995234,0.9989383795385224,0.999260140792335
2015-08-08,-16.75,-69.71,0.99912363,0.998900906163084,0.9990234042733879
2015-08-09,-16.75,-69.71,0.999522,0.9990232561933106,0.9992975652869899
2015-08-10,-16.75,-69.71,0.9984091,0.9973308656130524,0.9979238945258737
2015-08-11,-16.75,-69.71,0.9923161,0.965193582685989,0.9801109672086952
2015-08-12,-16.75,-69.71,0.9988293,0.998170449400844,0.9985328172303798
2015-08-13,-16.75,-69.71,0.865872,0.7504114687393055,0.8139147609326876
2015-08-14,-16.75,-69.71,0.97010934,0.939975157791515,0.9565489580061818
2015-08-15,-16.75,-69.71,0.9954739,0.9815390000476528,0.9892031950214437
2015-08-16,-16.75,-69.71,0.9987643,0.9945405716998832,0.9968636222649474
2015-08-17,-16.75,-69.71,0.9992607,0.998489168719328,0.9989135109236976
2015-08-18,-16.75,-69.71,0.9901624,0.9793846067136373,0.9853123930211368
2015-08-19,-16.75,-69.71,0.99689364,0.9967241961127854,0.9968173902507536
2015-08-20,-16.75,-69.71,0.9351764,0.7523023633150173,0.8528830834917579
2015-08-21,-16.75,-69.71,0.9917605,0.7938030511594235,0.9026796480217407
2015-08-22,-16.75,-69.71,0.9912778,0.968878951691686,0.9811983182612587
2015-08-23,-16.75,-69.71,0.98828644,0.9753135202167812,0.9824486260975516
2015-08-24,-16.75,-69.71,0.99854064,0.9927045451417728,0.9959143973137978
2015-08-25,-16.75,-69.71,0.99649787,0.9945223313809044,0.9956088776214072
2015-08-26,-16.75,-69.71,0.99923277,0.9978966198634374,0.9986315024385468
2015-08-27,-16.75,-69.71,0.9989843,0.9982543098132054,0.9986558044159425
2015-08-28,-16.75,-69.71,0.99925965,0.9984912044325251,0.9989138494946364
2015-08-29,-16.75,-69.71,0.9995024,0.9984912044325251,0.9990473619946365
2015-08-30,-16.75,-69.71,0.9993692,0.9979134204338044,0.9987140991952119
2015-08-31,-16.75,-69.71,0.99941754,0.9978970737666678,0.9987333301950005
2015-09-01,-16.75,-69.71,0.9987889,0.9974586817403402,0.9981903017831533
2015-09-02,-16.75,-69.71,0.9818512,0.98931027875231,0.9852077854385395
2015-09-03,-16.75,-69.71,0.91847914,0.9605138820851192,0.9373947739383037
2015-09-04,-16.75,-69.71,0.8854243,0.8963512914492097,0.8903414461521444
2015-09-05,-16.75,-69.71,0.8416697,0.7251083268448383,0.7892170820801773
2015-09-06,-16.75,-69.71,0.91972977,0.8380392022826778,0.8829690145272051
2015-09-07,-16.75,-69.71,0.99044144,0.9439154598313724,0.9695047489241176
2015-09-08,-16.75,-69.71,0.9986803,0.9918211594004138,0.9955936867301862
2015-09-09,-16.75,-69.71,0.9990953,0.9975302814086122,0.9983910416338756
2015-09-10,-16.75,-69.71,0.9993961,0.998003031862305,0.9987692193380373
2015-09-11,-16.75,-69.71,0.99922085,0.9979556456626436,0.9986515080481897
2015-09-12,-16.75,-69.71,0.99927324,0.9979556456626436,0.9986803225481896
2015-09-13,-16.75,-69.71,0.9991671,0.997949103427642,0.9986190015424389
2015-09-14,-16.75,-69.71,0.9992004,0.9973044250116004,0.9983472112552203
2015-09-15,-16.75,-69.71,0.9990969,0.9973114905376356,0.998293465741936
2015-09-16,-16.75,-69.71,0.9987613,0.9973114905376356,0.998108885741936
2015-09-17,-16.75,-69.71,0.998563,0.9974465268605176,0.998060587087233
2015-09-18,-16.75,-69.71,0.9824327,0.9837194098612262,0.9830117194375518
2015-09-19,-16.75,-69.71,0.9851109,0.9796692737413508,0.982662168183608
2015-09-20,-16.75,-69.71,0.910338,0.6691781000250274,0.8018160450112624
2015-09-21,-16.75,-69.71,0.97379476,0.9602534647721392,0.9677011771474626
2015-09-22,-16.75,-69.71,0.9911039,0.9742442948446052,0.9835170776800723
2015-09-23,-16.75,-69.71,0.9903688,0.9901872249541086,0.9902870912293489
2015-09-24,-16.75,-69.71,0.96353644,0.9567387238309792,0.9604774677239407
2015-09-25,-16.75,-69.71,0.8861328,0.8624594465447452,0.8754797909451354
2015-09-26,-16.75,-69.71,0.9766149,0.9526051940591443,0.9658105323266151
2015-09-27,-16.75,-69.71,0.9833482,0.9858422689966324,0.9844705310484847
2015-09-28,-16.75,-69.71,0.9977647,0.9917331334549496,0.9950504950547273
2015-09-29,-16.75,-69.71,0.9988305,0.9967082120536372,0.9978754704241368
2015-09-30,-16.75,-69.71,0.9987155,0.997447057379002,0.998144700820551
2015-10-01,-16.75,-69.71,0.9976235,0.997232261957128,0.9974474428807076
2015-10-02,-16.75,-69.71,0.9781748,0.9042781025191988,0.9449212861336396
2015-10-03,-16.75,-69.71,0.9457294,0.9781146857918752,0.9603027786063439
2015-10-04,-16.75,-69.71,0.92874473,0.895818707748373,0.913928019986768
2015-10-05,-16.75,-69.71,0.8930925,0.8495502298941768,0.8734984784523796
2015-10-06,-16.75,-69.71,0.9744118,0.9602412903070524,0.9680350706381736
2015-10-07,-16.75,-69.71,0.9818147,0.9837143516878654,0.9826695432595394
2015-10-08,-16.75,-69.71,0.99339443,0.9892760016122388,0.9915411372255076
2015-10-09,-16.75,-69.71,0.99251306,0.9943475240413596,0.9933385688186118
2015-10-10,-16.75,-69.71,0.99781173,0.9963170360653146,0.9971391177293916
2015-10-11,-16.75,-69.71,0.99813336,0.9966526893926364,0.9974670582266864
2015-10-12,-16.75,-69.71,0.9986382,0.9973754079651777,0.9980699435843301
2015-10-13,-16.75,-69.71,0.9986002,0.996352418506637,0.9975886983279868
2015-10-14,-16.75,-69.71,0.99907994,0.997189761606886,0.9982293597230988
2015-10-15,-16.75,-69.71,0.99681085,0.9827072435198524,0.9904642270839337
2015-10-16,-16.75,-69.71,0.9992017,0.9978904156751954,0.9986116220538379
2015-10-17,-16.75,-69.71,0.9618483,0.9411122197116302,0.9525170638702336
2015-10-18,-16.75,-69.71,0.892738,0.888480077132956,0.8908219347098303
2015-10-19,-16.75,-69.71,0.66640717,0.5558610743991087,0.6166614269795989
2015-10-20,-16.75,-69.71,0.6674174,0.4327957149286003,0.5618376417178702
2015-10-21,-16.75,-69.71,0.75142807,0.5548062035771718,0.6629482301097274
2015-10-22,-16.75,-69.71,0.9197424,0.8648054874717878,0.8950207893623044
2015-10-23,-16.75,-69.71,0.8671936,0.8248038885906586,0.8481182298657963
2015-10-24,-16.75,-69.71,0.8278638,0.7899764163749053,0.8108144773687074
2015-10-25,-16.75,-69.71,0.16719685,0.2809104377156148,0.21836796447202667
2015-10-26,-16.75,-69.71,0.1088551,0.1043468446266183,0.10682638508197824
2015-10-27,-16.75,-69.71,0.29387778,0.1785274840464321,0.24197014682089446
2015-10-28,-16.75,-69.71,0.5062652,0.4602391984703055,0.4855534993116375
2015-10-29,-16.75,-69.71,0.9120877,0.8421437238968876,0.8806129107535994
