year,month,day,precip,tmax,tmin,estacion,lat,lon,zona,departamento,fecha,amp_termica,helada,prob_helada_lstm
2015,1,1,0.0,16.0,3.5,CHUQUIBAMBILLA,-14.79,-70.72,Norte,PUNO,2015-01-01,12.5,0,3.9955670672527783
2015,1,2,8.1,13.5,1.0,CHUQUIBAMBILLA,-14.79,-70.72,Norte,PUNO,2015-01-02,12.5,0,3.9752251953665607
2015,1,3,25.5,13.0,3.0,CHUQUIBAMBILLA,-14.79,-70.72,Norte,PUNO,2015-01-03,10.0,0,3.1124072525454567
2015,1,4,5.7,10.0,1.5,CHUQUIBAMBILLA,-14.79,-70.72,Norte,PUNO,2015-01-04,8.5,0,2.616584628567006
2015,1,5,12.8,14.0,3.5,CHUQUIBAMBILLA,-14.79,-70.72,Norte,PUNO,2015-01-05,10.5,0,3.3519856590904853
2015,1,6,6.1,15.0,4.0,CHUQUIBAMBILLA,-14.79,-70.72,Norte,PUNO,2015-01-06,11.0,0,3.102881375290459
2015,1,7,0.0,16.0,3.5,CHUQUIBAMBILLA,-14.79,-70.72,Norte,PUNO,2015-01-07,12.5,0,3.7492022732304764
2015,1,8,48.6,15.5,2.5,CHUQUIBAMBILLA,-14.79,-70.72,Norte,PUNO,2015-01-08,13.0,0,3.422140076141103
2015,1,9,13.3,14.0,-0.5,CHUQUIBAMBILLA,-14.79,-70.72,Norte,PUNO,2015-01-09,14.5,1,1.8404431291478016
2015,1,10,9.2,13.5,3.5,CHUQUIBAMBILLA,-14.79,-70.72,Norte,PUNO,2015-01-10,10.0,0,2.4918275785344655
2015,1,11,22.5,14.0,4.0,CHUQUIBAMBILLA,-14.79,-70.72,Norte,PUNO,2015-01-11,10.0,0,3.2521309381823764
2015,1,12,6.3,13.5,3.0,CHUQUIBAMBILLA,-14.79,-70.72,Norte,PUNO,2015-01-12,10.5,0,2.8711826040533883
2015,1,13,3.3,12.5,4.0,CHUQUIBAMBILLA,-14.79,-70.72,Norte,PUNO,2015-01-13,8.5,0,3.7473391411061505
2015,1,14,0.0,16.5,-1.5,CHUQUIBAMBILLA,-14.79,-70.72,Norte,PUNO,2015-01-14,18.0,1,4.009007888043521
2015,1,15,1.3,18.5,-0.5,CHUQUIBAMBILLA,-14.79,-70.72,Norte,PUNO,2015-01-15,19.0,1,0.17358042433883536
2015,1,16,0.0,16.0,3.5,CHUQUIBAMBILLA,-14.79,-70.72,Norte,PUNO,2015-01-16,12.5,0,0.9414354676962169
2015,1,17,6.1,15.5,3.0,CHUQUIBAMBILLA,-14.79,-70.72,Norte,PUNO,2015-01-17,12.5,0,2.4534161764656
2015,1,18,0.0,16.0,2.0,CHUQUIBAMBILLA,-14.79,-70.72,Norte,PUNO,2015-01-18,14.0,0,3.1834356005062308
2015,1,19,12.8,16.5,3.0,CHUQUIBAMBILLA,-14.79,-70.72,Norte,PUNO,2015-01-19,13.5,0,1.88573601669475
2015,1,20,3.8,11.5,5.5,CHUQUIBAMBILLA,-14.79,-70.72,Norte,PUNO,2015-01-20,6.0,0,2.5237990107239052
2015,1,21,0.0,15.0,4.5,CHUQUIBAMBILLA,-14.79,-70.72,Norte,PUNO,2015-01-21,10.5,0,3.7197934819049734
2015,1,22,4.0,16.0,3.5,CHUQUIBAMBILLA,-14.79,-70.72,Norte,PUNO,2015-01-22,12.5,0,3.7401113897016725
2015,1,23,4.3,15.5,3.0,CHUQUIBAMBILLA,-14.79,-70.72,Norte,PUNO,2015-01-23,12.5,0,3.9826607366611664
2015,1,24,0.0,16.0,3.5,CHUQUIBAMBILLA,-14.79,-70.72,Norte,PUNO,2015-01-24,12.5,0,3.8196548763569993
2015,1,25,0.0,13.5,4.5,CHUQUIBAMBILLA,-14.79,-70.72,Norte,PUNO,2015-01-25,9.0,0,3.4670044918343215
2015,1,26,12.5,14.0,4.0,CHUQUIBAMBILLA,-14.79,-70.72,Norte,PUNO,2015-01-26,10.0,0,3.799674589213894
2015,1,27,15.3,14.5,3.0,CHUQUIBAMBILLA,-14.79,-70.72,Norte,PUNO,2015-01-27,11.5,0,3.7953034179485847
2015,1,28,5.5,14.5,3.5,CHUQUIBAMBILLA,-14.79,-70.72,Norte,PUNO,2015-01-28,11.0,0,3.472281445014844
2015,1,29,3.2,15.5,2.5,CHUQUIBAMBILLA,-14.79,-70.72,Norte,PUNO,2015-01-29,13.0,0,4.04483723530251
2015,1,30,4.5,13.0,5.0,CHUQUIBAMBILLA,-14.79,-70.72,Norte,PUNO,2015-01-30,8.0,0,3.6340481495508783
2015,1,31,0.0,15.5,2.0,CHUQUIBAMBILLA,-14.79,-70.72,Norte,PUNO,2015-01-31,13.5,0,4.287030457691188
2015,2,1,0.0,14.0,4.5,CHUQUIBAMBILLA,-14.79,-70.72,Norte,PUNO,2015-02-01,9.5,0,2.8168375091980615
2015,2,2,0.0,15.0,4.0,CHUQUIBAMBILLA,-14.79,-70.72,Norte,PUNO,2015-02-02,11.0,0,3.5988609792224
2015,2,3,0.0,17.5,0.0,CHUQUIBAMBILLA,-14.79,-70.72,Norte,PUNO,2015-02-03,17.5,1,3.445777162007546
2015,2,4,0.0,18.5,1.0,CHUQUIBAMBILLA,-14.79,-70.72,Norte,PUNO,2015-02-04,17.5,0,1.11984310900241
2015,2,5,0.0,18.0,1.5,CHUQUIBAMBILLA,-14.79,-70.72,Norte,PUNO,2015-02-05,16.5,0,1.515737148075312
2015,2,6,1.3,15.5,4.5,CHUQUIBAMBILLA,-14.79,-70.72,Norte,PUNO,2015-02-06,11.0,0,1.8078160212685652
2015,2,7,8.3,13.5,3.0,CHUQUIBAMBILLA,-14.79,-70.72,Norte,PUNO,2015-02-07,10.5,0,3.416660186556938
2015,2,8,5.2,15.0,4.0,CHUQUIBAMBILLA,-14.79,-70.72,Norte,PUNO,2015-02-08,11.0,0,3.3836895428374545
2015,2,9,15.4,15.5,2.5,CHUQUIBAMBILLA,-14.79,-70.72,Norte,PUNO,2015-02-09,13.0,0,3.685466288713008
2015,2,10,6.3,14.5,5.0,CHUQUIBAMBILLA,-14.79,-70.72,Norte,PUNO,2015-02-10,9.5,0,2.7067671092683123
2015,2,11,1.0,12.5,5.5,CHUQUIBAMBILLA,-14.79,-70.72,Norte,PUNO,2015-02-11,7.0,0,4.048132449282736
2015,2,12,1.5,13.5,5.0,CHUQUIBAMBILLA,-14.79,-70.72,Norte,PUNO,2015-02-12,8.5,0,4.625618168467267
2015,2,13,0.0,17.5,4.0,CHUQUIBAMBILLA,-14.79,-70.72,Norte,PUNO,2015-02-13,13.5,0,4.617011420215315
2015,2,14,3.5,16.0,5.5,CHUQUIBAMBILLA,-14.79,-70.72,Norte,PUNO,2015-02-14,10.5,0,3.9788358859682944
2015,2,15,11.6,15.5,6.0,CHUQUIBAMBILLA,-14.79,-70.72,Norte,PUNO,2015-02-15,9.5,0,4.9101407698896065
2015,2,16,3.8,17.5,4.5,CHUQUIBAMBILLA,-14.79,-70.72,Norte,PUNO,2015-02-16,13.0,0,4.886327745138092
2015,2,17,4.3,15.0,3.5,CHUQUIBAMBILLA,-14.79,-70.72,Norte,PUNO,2015-02-17,11.5,0,5.146303535321008
2015,2,18,0.0,18.0,1.0,CHUQUIBAMBILLA,-14.79,-70.72,Norte,PUNO,2015-02-18,17.0,0,4.589220053260848
2015,2,19,0.0,18.5,0.5,CHUQUIBAMBILLA,-14.79,-70.72,Norte,PUNO,2015-02-19,18.0,0,2.302798840413705
2015,2,20,0.0,18.5,1.5,CHUQUIBAMBILLA,-14.79,-70.72,Norte,PUNO,2015-02-20,17.0,0,1.4764299744071088
2015,2,21,1.4,15.5,4.5,CHUQUIBAMBILLA,-14.79,-70.72,Norte,PUNO,2015-02-21,11.0,0,1.8624489885410178
2015,2,22,1.1,14.5,5.5,CHUQUIBAMBILLA,-14.79,-70.72,Norte,PUNO,2015-02-22,9.0,0,3.5662534369605554
2015,2,23,7.9,14.0,6.0,CHUQUIBAMBILLA,-14.79,-70.72,Norte,PUNO,2015-02-23,8.0,0,3.893315937392834
2015,2,24,1.5,15.5,5.5,CHUQUIBAMBILLA,-14.79,-70.72,Norte,PUNO,2015-02-24,10.0,0,4.215835877818312
2015,2,25,0.0,17.5,0.0,CHUQUIBAMBILLA,-14.79,-70.72,Norte,PUNO,2015-02-25,17.5,1,4.6828535145242505
2015,2,26,1.3,16.5,4.0,CHUQUIBAMBILLA,-14.79,-70.72,Norte,PUNO,2015-02-26,12.5,0,1.4003200260968227
2015,2,27,3.6,15.5,6.0,CHUQUIBAMBILLA,-14.79,-70.72,Norte,PUNO,2015-02-27,9.5,0,3.760857617680649
2015,2,28,3.3,17.0,4.0,CHUQUIBAMBILLA,-14.79,-70.72,Norte,PUNO,2015-02-28,13.0,0,4.847419770733258
2015,3,1,1.5,16.5,4.5,CHUQUIBAMBILLA,-14.79,-70.72,Norte,PUNO,2015-03-01,12.0,0,4.528242972467043
2015,3,2,6.1,15.0,5.0,CHUQUIBAMBILLA,-14.79,-70.72,Norte,PUNO,2015-03-02,10.0,0,4.378108254977474
2015,3,3,13.7,17.5,3.5,CHUQUIBAMBILLA,-14.79,-70.72,Norte,PUNO,2015-03-03,14.0,0,4.480045424930437
2015,3,4,11.7,15.0,5.0,CHUQUIBAMBILLA,-14.79,-70.72,Norte,PUNO,2015-03-04,10.0,0,3.8063505598736396
2015,3,5,2.4,14.5,3.5,CHUQUIBAMBILLA,-14.79,-70.72,Norte,PUNO,2015-03-05,11.0,0,4.430432782740627
2015,3,6,2.2,15.0,5.0,CHUQUIBAMBILLA,-14.79,-70.72,Norte,PUNO,2015-03-06,10.0,0,4.487624750762153
2015,3,7,7.4,16.0,5.5,CHUQUIBAMBILLA,-14.79,-70.72,Norte,PUNO,2015-03-07,10.5,0,4.635100971029712
2015,3,8,7.8,16.5,3.5,CHUQUIBAMBILLA,-14.79,-70.72,Norte,PUNO,2015-03-08,13.0,0,4.782656363795554
2015,3,9,12.2,17.5,3.0,CHUQUIBAMBILLA,-14.79,-70.72,Norte,PUNO,2015-03-09,14.5,0,4.388796238902659
2015,3,10,0.0,17.5,5.5,CHUQUIBAMBILLA,-14.79,-70.72,Norte,PUNO,2015-03-10,12.0,0,3.8309010112279283
2015,3,11,0.0,17.0,5.0,CHUQUIBAMBILLA,-14.79,-70.72,Norte,PUNO,2015-03-11,12.0,0,4.623253003834677
2015,3,12,0.0,17.5,2.0,CHUQUIBAMBILLA,-14.79,-70.72,Norte,PUNO,2015-03-12,15.5,0,4.343006020662478
2015,3,13,0.0,19.5,3.0,CHUQUIBAMBILLA,-14.79,-70.72,Norte,PUNO,2015-03-13,16.5,0,2.8302216048655136
2015,3,14,0.0,15.0,3.5,CHUQUIBAMBILLA,-14.79,-70.72,Norte,PUNO,2015-03-14,11.5,0,3.0958708174061726
2015,3,15,0.0,16.0,1.0,CHUQUIBAMBILLA,-14.79,-70.72,Norte,PUNO,2015-03-15,15.0,0,3.306050139598668
2015,3,16,3.7,16.5,4.0,CHUQUIBAMBILLA,-14.79,-70.72,Norte,PUNO,2015-03-16,12.5,0,2.0029090390805426
2015,3,17,2.6,17.5,5.5,CHUQUIBAMBILLA,-14.79,-70.72,Norte,PUNO,2015-03-17,12.0,0,3.8924799243458392
2015,3,18,2.9,16.5,3.5,CHUQUIBAMBILLA,-14.79,-70.72,Norte,PUNO,2015-03-18,13.0,0,4.365896276296084
2015,3,19,8.1,15.0,4.5,CHUQUIBAMBILLA,-14.79,-70.72,Norte,PUNO,2015-03-19,10.5,0,3.8920164163865474
2015,3,20,9.3,13.5,5.0,CHUQUIBAMBILLA,-14.79,-70.72,Norte,PUNO,2015-03-20,8.5,0,4.035241589179295
2015,3,21,10.2,15.0,4.5,CHUQUIBAMBILLA,-14.79,-70.72,Norte,PUNO,2015-03-21,10.5,0,4.231089779154005
2015,3,22,0.0,15.5,3.0,CHUQUIBAMBILLA,-14.79,-70.72,Norte,PUNO,2015-03-22,12.5,0,4.258361823054606
2015,3,23,0.0,17.5,-1.0,CHUQUIBAMBILLA,-14.79,-70.72,Norte,PUNO,2015-03-23,18.5,1,3.8511415665837765
2015,3,24,0.0,16.5,-0.5,CHUQUIBAMBILLA,-14.79,-70.72,Norte,PUNO,2015-03-24,17.0,1,0.6110184876635901
2015,3,25,8.7,16.0,5.0,CHUQUIBAMBILLA,-14.79,-70.72,Norte,PUNO,2015-03-25,11.0,0,0.6979840926899632
2015,3,26,9.3,14.5,4.0,CHUQUIBAMBILLA,-14.79,-70.72,Norte,PUNO,2015-03-26,10.5,0,3.524330234077083
2015,3,27,0.0,16.0,3.0,CHUQUIBAMBILLA,-14.79,-70.72,Norte,PUNO,2015-03-27,13.0,0,3.6672296165895424
2015,3,28,0.0,17.5,0.0,CHUQUIBAMBILLA,-14.79,-70.72,Norte,PUNO,2015-03-28,17.5,1,3.116250910498457
2015,3,29,0.0,17.0,0.5,CHUQUIBAMBILLA,-14.79,-70.72,Norte,PUNO,2015-03-29,16.5,0,0.6936146656463591
2015,3,30,2.3,17.5,5.0,CHUQUIBAMBILLA,-14.79,-70.72,Norte,PUNO,2015-03-30,12.5,0,0.8651374467846477
2015,3,31,5.7,16.0,1.5,CHUQUIBAMBILLA,-14.79,-70.72,Norte,PUNO,2015-03-31,14.5,0,3.4781914748387175
2015,4,1,5.9,16.5,3.5,CHUQUIBAMBILLA,-14.79,-70.72,Norte,PUNO,2015-04-01,13.0,0,3.139609527577839
2015,4,2,0.0,17.0,4.5,CHUQUIBAMBILLA,-14.79,-70.72,Norte,PUNO,2015-04-02,12.5,0,3.341021936464387
2015,4,3,0.0,17.5,3.5,CHUQUIBAMBILLA,-14.79,-70.72,Norte,PUNO,2015-04-03,14.0,0,3.355282693128143
2015,4,4,3.7,18.0,-1.0,CHUQUIBAMBILLA,-14.79,-70.72,Norte,PUNO,2015-04-04,19.0,1,2.762759962785205
2015,4,5,0.0,17.0,0.5,CHUQUIBAMBILLA,-14.79,-70.72,Norte,PUNO,2015-04-05,16.5,0,1.9315541424822178
2015,4,6,0.0,13.5,2.0,CHUQUIBAMBILLA,-14.79,-70.72,Norte,PUNO,2015-04-06,11.5,0,1.0287779004466933
2015,4,7,0.0,15.5,4.0,CHUQUIBAMBILLA,-14.79,-70.72,Norte,PUNO,2015-04-07,11.5,0,1.594017363201535
2015,4,8,6.7,13.0,5.5,CHUQUIBAMBILLA,-14.79,-70.72,Norte,PUNO,2015-04-08,7.5,0,2.493308195255213
2015,4,9,2.4,10.5,1.0,CHUQUIBAMBILLA,-14.79,-70.72,Norte,PUNO,2015-04-09,9.5,0,3.635698638298592
2015,4,10,5.7,14.5,2.5,CHUQUIBAMBILLA,-14.79,-70.72,Norte,PUNO,2015-04-10,12.0,0,2.4250457279049242
2015,4,11,9.8,11.0,3.5,CHUQUIBAMBILLA,-14.79,-70.72,Norte,PUNO,2015-04-11,7.5,0,2.6444757953373146
2015,4,12,6.9,14.0,4.0,CHUQUIBAMBILLA,-14.79,-70.72,Norte,PUNO,2015-04-12,10.0,0,3.002033509710412
2015,4,13,2.3,12.5,3.5,CHUQUIBAMBILLA,-14.79,-70.72,Norte,PUNO,2015-04-13,9.0,0,3.739591459961996
2015,4,14,0.0,15.5,5.0,CHUQUIBAMBILLA,-14.79,-70.72,Norte,PUNO,2015-04-14,10.5,0,3.8747728889350195
2015,4,15,0.0,14.5,4.0,CHUQUIBAMBILLA,-14.79,-70.72,Norte,PUNO,2015-04-15,10.5,0,4.017476615273563
2015,4,16,2.4,16.5,4.5,CHUQUIBAMBILLA,-14.79,-70.72,Norte,PUNO,2015-04-16,12.0,0,3.5136622707836476
2015,4,17,0.0,15.0,5.0,CHUQUIBAMBILLA,-14.79,-70.72,Norte,PUNO,2015-04-17,10.0,0,4.319350127535906
2015,4,18,2.1,14.5,0.0,CHUQUIBAMBILLA,-14.79,-70.72,Norte,PUNO,2015-04-18,14.5,1,4.355692124304845
2015,4,19,12.1,15.0,2.3,CHUQUIBAMBILLA,-14.79,-70.72,Norte,PUNO,2015-04-19,12.7,0,2.3728731749373244
2015,4,20,2.2,15.5,2.0,CHUQUIBAMBILLA,-14.79,-70.72,Norte,PUNO,2015-04-20,13.5,0,3.0488693509451466
2015,4,21,2.1,12.5,5.0,CHUQUIBAMBILLA,-14.79,-70.72,Norte,PUNO,2015-04-21,7.5,0,3.226522123431512
2015,4,22,0.0,15.0,-2.0,CHUQUIBAMBILLA,-14.79,-70.72,Norte,PUNO,2015-04-22,17.0,1,3.8668001273551353
2015,4,23,4.5,14.5,2.5,CHUQUIBAMBILLA,-14.79,-70.72,Norte,PUNO,2015-04-23,12.0,0,-0.5128972728292548
2015,4,24,1.5,17.0,3.0,CHUQUIBAMBILLA,-14.79,-70.72,Norte,PUNO,2015-04-24,14.0,0,2.430250182131081
2015,4,25,1.3,16.5,3.5,CHUQUIBAMBILLA,-14.79,-70.72,Norte,PUNO,2015-04-25,13.0,0,2.4690013282538774
2015,4,26,11.5,17.0,5.0,CHUQUIBAMBILLA,-14.79,-70.72,Norte,PUNO,2015-04-26,12.0,0,2.8911486340799444
2015,4,27,0.0,16.5,4.0,CHUQUIBAMBILLA,-14.79,-70.72,Norte,PUNO,2015-04-27,12.5,0,3.366525491227114
2015,4,28,0.0,16.0,1.5,CHUQUIBAMBILLA,-14.79,-70.72,Norte,PUNO,2015-04-28,14.5,0,3.572054566681428
2015,4,29,0.0,15.0,0.0,CHUQUIBAMBILLA,-14.79,-70.72,Norte,PUNO,2015-04-29,15.0,1,1.8961748044232347
2015,4,30,8.5,18.0,-0.5,CHUQUIBAMBILLA,-14.79,-70.72,Norte,PUNO,2015-04-30,18.5,1,1.0428100882313096
2015,5,1,4.2,16.0,5.0,CHUQUIBAMBILLA,-14.79,-70.72,Norte,PUNO,2015-05-01,11.0,0,2.3265991247631974
2015,5,2,0.0,17.5,-1.5,CHUQUIBAMBILLA,-14.79,-70.72,Norte,PUNO,2015-05-02,19.0,1,3.660711080897645
2015,5,3,0.0,17.5,-1.0,CHUQUIBAMBILLA,-14.79,-70.72,Norte,PUNO,2015-05-03,18.5,1,-0.10971591338884737
2015,5,4,0.0,18.0,-3.0,CHUQUIBAMBILLA,-14.79,-70.72,Norte,PUNO,2015-05-04,21.0,1,-0.42158089634795337
2015,5,5,0.0,17.5,-2.5,CHUQUIBAMBILLA,-14.79,-70.72,Norte,PUNO,2015-05-05,20.0,1,-2.1931667861057074
2015,5,6,0.0,18.5,-3.0,CHUQUIBAMBILLA,-14.79,-70.72,Norte,PUNO,2015-05-06,21.5,1,-1.9388980893430232
2015,5,7,0.0,15.0,-3.5,CHUQUIBAMBILLA,-14.79,-70.72,Norte,PUNO,2015-05-07,18.5,1,-2.394375196888444
2015,5,8,0.0,17.0,2.5,CHUQUIBAMBILLA,-14.79,-70.72,Norte,PUNO,2015-05-08,14.5,0,-2.544063696964324
2015,5,9,0.0,16.5,-1.5,CHUQUIBAMBILLA,-14.79,-70.72,Norte,PUNO,2015-05-09,18.0,1,0.019636516233879187
2015,5,10,0.0,17.0,-0.5,CHUQUIBAMBILLA,-14.79,-70.72,Norte,PUNO,2015-05-10,17.5,1,-1.454107440144363
2015,5,11,0.0,17.5,-3.5,CHUQUIBAMBILLA,-14.79,-70.72,Norte,PUNO,2015-05-11,21.0,1,-0.934015108670475
2015,5,12,0.0,17.0,-2.0,CHUQUIBAMBILLA,-14.79,-70.72,Norte,PUNO,2015-05-12,19.0,1,-2.755332020186831
2015,5,13,0.0,16.5,-2.5,CHUQUIBAMBILLA,-14.79,-70.72,Norte,PUNO,2015-05-13,19.0,1,-1.7569794055794863
2015,5,14,0.0,16.0,-2.0,CHUQUIBAMBILLA,-14.79,-70.72,Norte,PUNO,2015-05-14,18.0,1,-1.9830106696454668
2015,5,15,0.0,12.0,-3.0,CHUQUIBAMBILLA,-14.79,-70.72,Norte,PUNO,2015-05-15,15.0,1,-1.6346117876119592
2015,5,16,0.0,9.5,1.5,CHUQUIBAMBILLA,-14.79,-70.72,Norte,PUNO,2015-05-16,8.0,0,-2.476218932794627
2015,5,17,0.0,15.0,1.0,CHUQUIBAMBILLA,-14.79,-70.72,Norte,PUNO,2015-05-17,14.0,0,-0.5225886994748175
2015,5,18,0.0,16.5,-4.0,CHUQUIBAMBILLA,-14.79,-70.72,Norte,PUNO,2015-05-18,20.5,1,-0.41155397244913383
2015,5,19,0.0,16.0,-4.5,CHUQUIBAMBILLA,-14.79,-70.72,Norte,PUNO,2015-05-19,20.5,1,-3.216509699280019
2015,5,20,0.0,16.5,-2.0,CHUQUIBAMBILLA,-14.79,-70.72,Norte,PUNO,2015-05-20,18.5,1,-3.578545816635448
2015,5,21,0.0,17.5,-6.0,CHUQUIBAMBILLA,-14.79,-70.72,Norte,PUNO,2015-05-21,23.5,1,-1.9802572260940985
2015,5,22,0.0,16.5,-6.5,CHUQUIBAMBILLA,-14.79,-70.72,Norte,PUNO,2015-05-22,23.0,1,-4.815940375859806
2015,5,23,0.0,16.5,-7.0,CHUQUIBAMBILLA,-14.79,-70.72,Norte,PUNO,2015-05-23,23.5,1,-5.181664839600724
2015,5,24,0.0,17.5,-6.0,CHUQUIBAMBILLA,-14.79,-70.72,Norte,PUNO,2015-05-24,23.5,1,-5.82139136612252
2015,5,25,0.0,15.5,-4.0,CHUQUIBAMBILLA,-14.79,-70.72,Norte,PUNO,2015-05-25,19.5,1,-5.3581072738949596
2015,5,26,0.0,16.0,-4.5,CHUQUIBAMBILLA,-14.79,-70.72,Norte,PUNO,2015-05-26,20.5,1,-3.975761520746723
2015,5,27,0.0,16.5,-3.5,CHUQUIBAMBILLA,-14.79,-70.72,Norte,PUNO,2015-05-27,20.0,1,-4.480478310379892
2015,5,28,0.0,17.0,-8.0,CHUQUIBAMBILLA,-14.79,-70.72,Norte,PUNO,2015-05-28,25.0,1,-4.000031076570707
2015,5,29,0.0,17.5,-8.0,CHUQUIBAMBILLA,-14.79,-70.72,Norte,PUNO,2015-05-29,25.5,1,-7.135935733136518
2015,5,30,0.0,17.5,-6.5,CHUQUIBAMBILLA,-14.79,-70.72,Norte,PUNO,2015-05-30,24.0,1,-7.009335571611401
2015,5,31,0.0,17.0,-6.5,CHUQUIBAMBILLA,-14.79,-70.72,Norte,PUNO,2015-05-31,23.5,1,-5.848714674974116
2015,6,1,0.0,15.0,-3.0,CHUQUIBAMBILLA,-14.79,-70.72,Norte,PUNO,2015-06-01,18.0,1,-5.743251447089996
2015,6,2,0.0,17.5,-0.5,CHUQUIBAMBILLA,-14.79,-70.72,Norte,PUNO,2015-06-02,18.0,1,-3.629955158853324
2015,6,3,0.0,16.0,-4.5,CHUQUIBAMBILLA,-14.79,-70.72,Norte,PUNO,2015-06-03,20.5,1,-2.5398627010688855
2015,6,4,0.0,17.5,-6.5,CHUQUIBAMBILLA,-14.79,-70.72,Norte,PUNO,2015-06-04,24.0,1,-4.575707355325149
2015,6,5,0.0,15.5,-6.5,CHUQUIBAMBILLA,-14.79,-70.72,Norte,PUNO,2015-06-05,22.0,1,-5.789949873988632
2015,6,6,0.0,17.0,-10.0,CHUQUIBAMBILLA,-14.79,-70.72,Norte,PUNO,2015-06-06,27.0,1,-5.6426125847716975
2015,6,7,0.0,16.0,-10.5,CHUQUIBAMBILLA,-14.79,-70.72,Norte,PUNO,2015-06-07,26.5,1,-8.418394307685778
2015,6,8,0.0,15.5,-10.0,CHUQUIBAMBILLA,-14.79,-70.72,Norte,PUNO,2015-06-08,25.5,1,-8.82195260860388
2015,6,9,0.0,15.0,-11.0,CHUQUIBAMBILLA,-14.79,-70.72,Norte,PUNO,2015-06-09,26.0,1,-8.494982324414812
2015,6,10,0.0,18.0,-4.5,CHUQUIBAMBILLA,-14.79,-70.72,Norte,PUNO,2015-06-10,22.5,1,-9.469672827366026
2015,6,11,0.0,17.5,-8.0,CHUQUIBAMBILLA,-14.79,-70.72,Norte,PUNO,2015-06-11,25.5,1,-5.5230930533419915
2015,6,12,0.0,17.0,-10.0,CHUQUIBAMBILLA,-14.79,-70.72,Norte,PUNO,2015-06-12,27.0,1,-7.502682765811187
2015,6,13,0.0,17.5,-11.0,CHUQUIBAMBILLA,-14.79,-70.72,Norte,PUNO,2015-06-13,28.5,1,-8.984722164784822
2015,6,14,0.0,18.0,-11.5,CHUQUIBAMBILLA,-14.79,-70.72,Norte,PUNO,2015-06-14,29.5,1,-9.819793635401444
2015,6,15,0.0,18.5,-9.0,CHUQUIBAMBILLA,-14.79,-70.72,Norte,PUNO,2015-06-15,27.5,1,-10.12282106407553
2015,6,16,0.0,17.0,-6.0,CHUQUIBAMBILLA,-14.79,-70.72,Norte,PUNO,2015-06-16,23.0,1,-8.10332780578632
2015,6,17,0.0,18.0,-6.5,CHUQUIBAMBILLA,-14.79,-70.72,Norte,PUNO,2015-06-17,24.5,1,-5.8208811433558125
2015,6,18,0.0,17.5,-6.5,CHUQUIBAMBILLA,-14.79,-70.72,Norte,PUNO,2015-06-18,24.0,1,-6.474645772848879
2015,6,19,0.0,18.0,-6.0,CHUQUIBAMBILLA,-14.79,-70.72,Norte,PUNO,2015-06-19,24.0,1,-6.501155516028471
2015,6,20,0.0,18.5,-7.5,CHUQUIBAMBILLA,-14.79,-70.72,Norte,PUNO,2015-06-20,26.0,1,-6.140159258152396
2015,6,21,0.0,16.0,-8.0,CHUQUIBAMBILLA,-14.79,-70.72,Norte,PUNO,2015-06-21,24.0,1,-7.00796931516595
2015,6,22,0.0,18.5,-7.5,CHUQUIBAMBILLA,-14.79,-70.72,Norte,PUNO,2015-06-22,26.0,1,-7.136791160129452
2015,6,23,0.0,18.0,-8.0,CHUQUIBAMBILLA,-14.79,-70.72,Norte,PUNO,2015-06-23,26.0,1,-6.834894593806306
2015,6,24,0.0,18.0,-9.0,CHUQUIBAMBILLA,-14.79,-70.72,Norte,PUNO,2015-06-24,27.0,1,-7.140456755797043
2015,6,25,0.0,19.0,-7.5,CHUQUIBAMBILLA,-14.79,-70.72,Norte,PUNO,2015-06-25,26.5,1,-7.946756758532189
2015,6,26,0.0,19.5,-8.0,CHUQUIBAMBILLA,-14.79,-70.72,Norte,PUNO,2015-06-26,27.5,1,-6.903918451848887
2015,6,27,0.0,18.5,-8.5,CHUQUIBAMBILLA,-14.79,-70.72,Norte,PUNO,2015-06-27,27.0,1,-7.229094766096037
2015,6,28,0.0,18.5,-8.5,CHUQUIBAMBILLA,-14.79,-70.72,Norte,PUNO,2015-06-28,27.0,1,-7.573590383295653
2015,6,29,0.0,17.5,-12.0,CHUQUIBAMBILLA,-14.79,-70.72,Norte,PUNO,2015-06-29,29.5,1,-7.649014776639971
2015,6,30,0.0,18.0,-13.0,CHUQUIBAMBILLA,-14.79,-70.72,Norte,PUNO,2015-06-30,31.0,1,-10.445587622283012
2015,7,1,0.0,18.0,-11.5,CHUQUIBAMBILLA,-14.79,-70.72,Norte,PUNO,2015-07-01,29.5,1,-11.277059019299587
2015,7,2,0.0,17.0,-8.0,CHUQUIBAMBILLA,-14.79,-70.72,Norte,PUNO,2015-07-02,25.0,1,-10.063887604434703
2015,7,3,0.0,17.5,-3.0,CHUQUIBAMBILLA,-14.79,-70.72,Norte,PUNO,2015-07-03,20.5,1,-7.3931523162528645
2015,7,4,4.5,12.0,-2.5,CHUQUIBAMBILLA,-14.79,-70.72,Norte,PUNO,2015-07-04,14.5,1,-4.583410445062225
2015,7,5,0.0,11.5,-2.0,CHUQUIBAMBILLA,-14.79,-70.72,Norte,PUNO,2015-07-05,13.5,1,-1.3635551844415013
2015,7,6,0.0,15.0,-12.0,CHUQUIBAMBILLA,-14.79,-70.72,Norte,PUNO,2015-07-06,27.0,1,-4.139437768871593
2015,7,7,0.0,13.5,-14.5,CHUQUIBAMBILLA,-14.79,-70.72,Norte,PUNO,2015-07-07,28.0,1,-10.731279610605268
2015,7,8,0.0,15.5,-15.0,CHUQUIBAMBILLA,-14.79,-70.72,Norte,PUNO,2015-07-08,30.5,1,-12.347490610020197
2015,7,9,0.0,16.5,-14.0,CHUQUIBAMBILLA,-14.79,-70.72,Norte,PUNO,2015-07-09,30.5,1,-12.705525027768966
2015,7,10,0.0,17.0,-15.0,CHUQUIBAMBILLA,-14.79,-70.72,Norte,PUNO,2015-07-10,32.0,1,-11.743682916914452
2015,7,11,0.0,17.5,-15.5,CHUQUIBAMBILLA,-14.79,-70.72,Norte,PUNO,2015-07-11,33.0,1,-12.513840219169436
2015,7,12,0.0,17.0,-12.5,CHUQUIBAMBILLA,-14.79,-70.72,Norte,PUNO,2015-07-12,29.5,1,-13.07875328495818
2015,7,13,0.0,18.0,-9.5,CHUQUIBAMBILLA,-14.79,-70.72,Norte,PUNO,2015-07-13,27.5,1,-11.094575207703484
2015,7,14,0.0,16.0,-9.0,CHUQUIBAMBILLA,-14.79,-70.72,Norte,PUNO,2015-07-14,25.0,1,-8.771762704865292
2015,7,15,0.0,11.5,-5.0,CHUQUIBAMBILLA,-14.79,-70.72,Norte,PUNO,2015-07-15,16.5,1,-8.373207135141326
2015,7,16,0.0,16.5,-10.0,CHUQUIBAMBILLA,-14.79,-70.72,Norte,PUNO,2015-07-16,26.5,1,-6.1595586436318595
2015,7,17,0.0,16.5,-11.0,CHUQUIBAMBILLA,-14.79,-70.72,Norte,PUNO,2015-07-17,27.5,1,-9.890234104811755
2015,7,18,0.0,17.0,-11.0,CHUQUIBAMBILLA,-14.79,-70.72,Norte,PUNO,2015-07-18,28.0,1,-9.963672815498008
2015,7,19,0.0,16.0,-12.5,CHUQUIBAMBILLA,-14.79,-70.72,Norte,PUNO,2015-07-19,28.5,1,-9.837496120668684
2015,7,20,0.0,17.0,-13.0,CHUQUIBAMBILLA,-14.79,-70.72,Norte,PUNO,2015-07-20,30.0,1,-10.813189475264805
2015,7,21,0.0,16.5,-12.0,CHUQUIBAMBILLA,-14.79,-70.72,Norte,PUNO,2015-07-21,28.5,1,-11.15602034660016
2015,7,22,0.0,17.0,-10.0,CHUQUIBAMBILLA,-14.79,-70.72,Norte,PUNO,2015-07-22,27.0,1,-10.429458273322636
2015,7,23,0.0,18.5,-9.0,CHUQUIBAMBILLA,-14.79,-70.72,Norte,PUNO,2015-07-23,27.5,1,-8.946611982220915
2015,7,24,0.0,19.5,-7.0,CHUQUIBAMBILLA,-14.79,-70.72,Norte,PUNO,2015-07-24,26.5,1,-8.246745904666835
2015,7,25,0.0,18.0,-7.5,CHUQUIBAMBILLA,-14.79,-70.72,Norte,PUNO,2015-07-25,25.5,1,-6.997880736821629
2015,7,26,0.0,18.5,-8.0,CHUQUIBAMBILLA,-14.79,-70.72,Norte,PUNO,2015-07-26,26.5,1,-7.270437977344584
2015,7,27,0.0,18.0,-11.0,CHUQUIBAMBILLA,-14.79,-70.72,Norte,PUNO,2015-07-27,29.0,1,-7.631148486203871
2015,7,28,0.0,18.5,-10.0,CHUQUIBAMBILLA,-14.79,-70.72,Norte,PUNO,2015-07-28,28.5,1,-9.795722769180427
2015,7,29,0.0,17.5,-10.0,CHUQUIBAMBILLA,-14.79,-70.72,Norte,PUNO,2015-07-29,27.5,1,-8.9860556601965
2015,7,30,0.0,18.0,-11.0,CHUQUIBAMBILLA,-14.79,-70.72,Norte,PUNO,2015-07-30,29.0,1,-8.785146800532743
2015,7,31,0.0,17.5,-10.5,CHUQUIBAMBILLA,-14.79,-70.72,Norte,PUNO,2015-07-31,28.0,1,-9.556718287412217
2015,8,1,0.0,18.5,-10.0,CHUQUIBAMBILLA,-14.79,-70.72,Norte,PUNO,2015-08-01,28.5,1,-9.27993062673201
2015,8,2,0.0,18.5,-9.0,CHUQUIBAMBILLA,-14.79,-70.72,Norte,PUNO,2015-08-02,27.5,1,-8.949712753398847
2015,8,3,0.0,18.0,-9.0,CHUQUIBAMBILLA,-14.79,-70.72,Norte,PUNO,2015-08-03,27.0,1,-8.1965074660634
2015,8,4,0.0,18.0,-9.5,CHUQUIBAMBILLA,-14.79,-70.72,Norte,PUNO,2015-08-04,27.5,1,-8.18184204996398
2015,8,5,0.0,18.5,-9.5,CHUQUIBAMBILLA,-14.79,-70.72,Norte,PUNO,2015-08-05,28.0,1,-8.65167349545944
2015,8,6,0.0,20.0,-12.5,CHUQUIBAMBILLA,-14.79,-70.72,Norte,PUNO,2015-08-06,32.5,1,-8.678658880314536
2015,8,7,0.0,19.0,-11.5,CHUQUIBAMBILLA,-14.79,-70.72,Norte,PUNO,2015-08-07,30.5,1,-10.876139194971747
2015,8,8,0.0,18.5,-8.5,CHUQUIBAMBILLA,-14.79,-70.72,Norte,PUNO,2015-08-08,27.0,1,-10.128773865249052
2015,8,9,0.0,15.5,-2.5,CHUQUIBAMBILLA,-14.79,-70.72,Norte,PUNO,2015-08-09,18.0,1,-7.790991390034522
2015,8,10,0.0,17.0,-18.5,CHUQUIBAMBILLA,-14.79,-70.72,Norte,PUNO,2015-08-10,35.5,1,-4.189202385856956
2015,8,11,0.0,16.0,-9.5,CHUQUIBAMBILLA,-14.79,-70.72,Norte,PUNO,2015-08-11,25.5,1,-14.661215566101543
2015,8,12,4.3,12.0,1.0,CHUQUIBAMBILLA,-14.79,-70.72,Norte,PUNO,2015-08-12,11.0,0,-9.124235633788372
2015,8,13,0.0,10.5,1.0,CHUQUIBAMBILLA,-14.79,-70.72,Norte,PUNO,2015-08-13,9.5,0,-1.4768234252788763
2015,8,14,0.0,15.0,-4.5,CHUQUIBAMBILLA,-14.79,-70.72,Norte,PUNO,2015-08-14,19.5,1,-2.30626818834517
2015,8,15,0.0,16.5,-9.0,CHUQUIBAMBILLA,-14.79,-70.72,Norte,PUNO,2015-08-15,25.5,1,-5.899566472932058
2015,8,16,0.0,14.0,-5.5,CHUQUIBAMBILLA,-14.79,-70.72,Norte,PUNO,2015-08-16,19.5,1,-8.373216842114296
2015,8,17,0.0,16.5,-4.5,CHUQUIBAMBILLA,-14.79,-70.72,Norte,PUNO,2015-08-17,21.0,1,-5.841149302916043
2015,8,18,1.2,17.5,-2.0,CHUQUIBAMBILLA,-14.79,-70.72,Norte,PUNO,2015-08-18,19.5,1,-4.418511725029013
2015,8,19,0.0,16.5,-6.5,CHUQUIBAMBILLA,-14.79,-70.72,Norte,PUNO,2015-08-19,23.0,1,-1.5705487994425826
2015,8,20,0.0,18.5,-6.5,CHUQUIBAMBILLA,-14.79,-70.72,Norte,PUNO,2015-08-20,25.0,1,-6.15833738509514
2015,8,21,0.0,17.5,-6.0,CHUQUIBAMBILLA,-14.79,-70.72,Norte,PUNO,2015-08-21,23.5,1,-6.094123332158926
2015,8,22,0.0,18.0,-7.5,CHUQUIBAMBILLA,-14.79,-70.72,Norte,PUNO,2015-08-22,25.5,1,-5.6734037097166325
2015,8,23,0.0,17.0,-7.0,CHUQUIBAMBILLA,-14.79,-70.72,Norte,PUNO,2015-08-23,24.0,1,-6.60707011815567
2015,8,24,0.0,18.5,-6.5,CHUQUIBAMBILLA,-14.79,-70.72,Norte,PUNO,2015-08-24,25.0,1,-6.170736223006192
2015,8,25,0.0,19.0,-7.0,CHUQUIBAMBILLA,-14.79,-70.72,Norte,PUNO,2015-08-25,26.0,1,-5.966335886502482
2015,8,26,0.0,19.5,-6.0,CHUQUIBAMBILLA,-14.79,-70.72,Norte,PUNO,2015-08-26,25.5,1,-6.3869857400765575
2015,8,27,0.0,17.5,-9.0,CHUQUIBAMBILLA,-14.79,-70.72,Norte,PUNO,2015-08-27,26.5,1,-5.666783554151461
2015,8,28,0.0,16.5,-13.0,CHUQUIBAMBILLA,-14.79,-70.72,Norte,PUNO,2015-08-28,29.5,1,-7.835880073160164
2015,8,29,0.0,17.5,-13.5,CHUQUIBAMBILLA,-14.79,-70.72,Norte,PUNO,2015-08-29,31.0,1,-11.101134694687596
2015,8,30,0.0,18.0,-14.0,CHUQUIBAMBILLA,-14.79,-70.72,Norte,PUNO,2015-08-30,32.0,1,-11.568826359329101
2015,8,31,0.0,17.0,-11.0,CHUQUIBAMBILLA,-14.79,-70.72,Norte,PUNO,2015-08-31,28.0,1,-11.863878296337157
2015,9,1,0.0,16.0,-7.0,CHUQUIBAMBILLA,-14.79,-70.72,Norte,PUNO,2015-09-01,23.0,1,-9.6099610341497
2015,9,2,0.0,15.5,0.0,CHUQUIBAMBILLA,-14.79,-70.72,Norte,PUNO,2015-09-02,15.5,1,-6.798607502103226
2015,9,3,0.0,16.0,-1.0,CHUQUIBAMBILLA,-14.79,-70.72,Norte,PUNO,2015-09-03,17.0,1,-3.797133804162738
2015,9,4,3.7,15.5,2.5,CHUQUIBAMBILLA,-14.79,-70.72,Norte,PUNO,2015-09-04,13.0,0,-3.849607576635296
2015,9,5,1.4,13.5,2.5,CHUQUIBAMBILLA,-14.79,-70.72,Norte,PUNO,2015-09-05,11.0,0,-0.21874603674274826
2015,9,6,0.0,17.5,-2.5,CHUQUIBAMBILLA,-14.79,-70.72,Norte,PUNO,2015-09-06,20.0,1,0.25448447976013916
2015,9,7,0.0,18.5,-8.0,CHUQUIBAMBILLA,-14.79,-70.72,Norte,PUNO,2015-09-07,26.5,1,-2.9133445529269277
2015,9,8,0.0,18.0,-10.0,CHUQUIBAMBILLA,-14.79,-70.72,Norte,PUNO,2015-09-08,28.0,1,-6.497528141566947
2015,9,9,0.0,19.0,-10.0,CHUQUIBAMBILLA,-14.79,-70.72,Norte,PUNO,2015-09-09,29.0,1,-7.998765506330928
2015,9,10,0.0,20.0,-10.5,CHUQUIBAMBILLA,-14.79,-70.72,Norte,PUNO,2015-09-10,30.5,1,-8.15272901797114
2015,9,11,0.0,20.5,-6.0,CHUQUIBAMBILLA,-14.79,-70.72,Norte,PUNO,2015-09-11,26.5,1,-8.571973180522075
2015,9,12,0.0,20.0,-4.5,CHUQUIBAMBILLA,-14.79,-70.72,Norte,PUNO,2015-09-12,24.5,1,-5.668836578934502
2015,9,13,0.0,19.5,-7.0,CHUQUIBAMBILLA,-14.79,-70.72,Norte,PUNO,2015-09-13,26.5,1,-4.576519707625531
2015,9,14,0.0,20.5,-5.0,CHUQUIBAMBILLA,-14.79,-70.72,Norte,PUNO,2015-09-14,25.5,1,-6.466069662230362
2015,9,15,0.0,18.5,-1.0,CHUQUIBAMBILLA,-14.79,-70.72,Norte,PUNO,2015-09-15,19.5,1,-5.218393598573915
2015,9,16,0.0,19.0,-4.0,CHUQUIBAMBILLA,-14.79,-70.72,Norte,PUNO,2015-09-16,23.0,1,-2.673277157618562
2015,9,17,0.0,20.0,-5.0,CHUQUIBAMBILLA,-14.79,-70.72,Norte,PUNO,2015-09-17,25.0,1,-4.021221398563036
2015,9,18,18.2,18.5,-1.5,CHUQUIBAMBILLA,-14.79,-70.72,Norte,PUNO,2015-09-18,20.0,1,-4.44839676471583
2015,9,19,3.9,16.0,2.0,CHUQUIBAMBILLA,-14.79,-70.72,Norte,PUNO,2015-09-19,14.0,0,-0.0971058540210516
2015,9,20,0.0,17.5,2.5,CHUQUIBAMBILLA,-14.79,-70.72,Norte,PUNO,2015-09-20,15.0,0,1.399728204088591
2015,9,21,0.0,18.5,-2.5,CHUQUIBAMBILLA,-14.79,-70.72,Norte,PUNO,2015-09-21,21.0,1,0.9683118007768592
2015,9,22,4.5,20.0,0.0,CHUQUIBAMBILLA,-14.79,-70.72,Norte,PUNO,2015-09-22,20.0,1,-2.1152847085426845
2015,9,23,5.9,19.5,0.5,CHUQUIBAMBILLA,-14.79,-70.72,Norte,PUNO,2015-09-23,19.0,0,1.0632174821850706
2015,9,24,2.3,16.5,4.0,CHUQUIBAMBILLA,-14.79,-70.72,Norte,PUNO,2015-09-24,12.5,0,1.3772432145764604
2015,9,25,0.0,19.0,5.0,CHUQUIBAMBILLA,-14.79,-70.72,Norte,PUNO,2015-09-25,14.0,0,2.6187319929935935
2015,9,26,0.0,18.0,3.0,CHUQUIBAMBILLA,-14.79,-70.72,Norte,PUNO,2015-09-26,15.0,0,2.622152790936612
2015,9,27,0.0,20.0,-5.0,CHUQUIBAMBILLA,-14.79,-70.72,Norte,PUNO,2015-09-27,25.0,1,2.055231291771906
2015,9,28,0.0,17.5,-5.5,CHUQUIBAMBILLA,-14.79,-70.72,Norte,PUNO,2015-09-28,23.0,1,-3.4477006744936247
2015,9,29,0.0,18.0,-9.0,CHUQUIBAMBILLA,-14.79,-70.72,Norte,PUNO,2015-09-29,27.0,1,-3.644270517240034
2015,9,30,0.0,17.5,-7.0,CHUQUIBAMBILLA,-14.79,-70.72,Norte,PUNO,2015-09-30,24.5,1,-6.517815108387306
2015,10,1,0.0,11.5,-2.5,CHUQUIBAMBILLA,-14.79,-70.72,Norte,PUNO,2015-10-01,14.0,1,-5.1925020682353145
2015,10,2,5.2,13.5,3.0,CHUQUIBAMBILLA,-14.79,-70.72,Norte,PUNO,2015-10-02,10.5,0,-2.324844301179662
2015,10,3,5.6,8.5,4.5,CHUQUIBAMBILLA,-14.79,-70.72,Norte,PUNO,2015-10-03,4.0,0,0.9901165438238645
2015,10,4,0.0,17.0,-3.5,CHUQUIBAMBILLA,-14.79,-70.72,Norte,PUNO,2015-10-04,20.5,1,0.8865875819753625
2015,10,5,0.0,19.5,-4.5,CHUQUIBAMBILLA,-14.79,-70.72,Norte,PUNO,2015-10-05,24.0,1,-3.584036019878393
2015,10,6,0.0,20.0,-5.5,CHUQUIBAMBILLA,-14.79,-70.72,Norte,PUNO,2015-10-06,25.5,1,-4.33141864014669
2015,10,7,0.0,20.0,-5.0,CHUQUIBAMBILLA,-14.79,-70.72,Norte,PUNO,2015-10-07,25.0,1,-4.816496100062308
2015,10,8,0.0,20.5,-4.0,CHUQUIBAMBILLA,-14.79,-70.72,Norte,PUNO,2015-10-08,24.5,1,-4.1264170780046845
2015,10,9,0.0,19.0,-10.0,CHUQUIBAMBILLA,-14.79,-70.72,Norte,PUNO,2015-10-09,29.0,1,-3.3595025114073094
2015,10,10,0.0,18.5,-11.0,CHUQUIBAMBILLA,-14.79,-70.72,Norte,PUNO,2015-10-10,29.5,1,-7.981622992066864
2015,10,11,0.0,19.5,-10.5,CHUQUIBAMBILLA,-14.79,-70.72,Norte,PUNO,2015-10-11,30.0,1,-9.121653578978496
2015,10,12,0.0,20.0,-12.0,CHUQUIBAMBILLA,-14.79,-70.72,Norte,PUNO,2015-10-12,32.0,1,-8.924927211292953
2015,10,13,0.0,19.5,-13.0,CHUQUIBAMBILLA,-14.79,-70.72,Norte,PUNO,2015-10-13,32.5,1,-10.031215146791125
2015,10,14,0.0,20.0,-9.0,CHUQUIBAMBILLA,-14.79,-70.72,Norte,PUNO,2015-10-14,29.0,1,-10.906935780088977
2015,10,15,0.0,17.5,-7.5,CHUQUIBAMBILLA,-14.79,-70.72,Norte,PUNO,2015-10-15,25.0,1,-8.228713989004444
2015,10,16,0.0,16.0,-6.5,CHUQUIBAMBILLA,-14.79,-70.72,Norte,PUNO,2015-10-16,22.5,1,-6.900797660039205
2015,10,17,0.0,18.5,-1.0,CHUQUIBAMBILLA,-14.79,-70.72,Norte,PUNO,2015-10-17,19.5,1,-6.405789966775831
2015,10,18,0.0,14.0,-2.0,CHUQUIBAMBILLA,-14.79,-70.72,Norte,PUNO,2015-10-18,16.0,1,-3.8559425898694895
2015,10,19,0.0,15.5,-3.0,CHUQUIBAMBILLA,-14.79,-70.72,Norte,PUNO,2015-10-19,18.5,1,-3.519074833366436
2015,10,20,3.5,19.0,4.5,CHUQUIBAMBILLA,-14.79,-70.72,Norte,PUNO,2015-10-20,14.5,0,-3.97308057614972
2015,10,21,0.0,18.5,2.0,CHUQUIBAMBILLA,-14.79,-70.72,Norte,PUNO,2015-10-21,16.5,0,0.8086440774740173
2015,10,22,0.0,18.5,-4.0,CHUQUIBAMBILLA,-14.79,-70.72,Norte,PUNO,2015-10-22,22.5,1,0.29909814462426765
2015,10,23,0.0,17.5,-5.0,CHUQUIBAMBILLA,-14.79,-70.72,Norte,PUNO,2015-10-23,22.5,1,-3.2666177004341774
2015,10,24,5.2,15.5,-4.0,CHUQUIBAMBILLA,-14.79,-70.72,Norte,PUNO,2015-10-24,19.5,1,-3.6857599397689333
2015,10,25,7.5,10.5,2.0,CHUQUIBAMBILLA,-14.79,-70.72,Norte,PUNO,2015-10-25,8.5,0,0.07986145829400333
2015,10,26,0.0,16.0,0.0,CHUQUIBAMBILLA,-14.79,-70.72,Norte,PUNO,2015-10-26,16.0,1,1.1223905827210823
2015,10,27,2.5,16.5,2.5,CHUQUIBAMBILLA,-14.79,-70.72,Norte,PUNO,2015-10-27,14.0,0,-0.4447397621241982
2015,10,28,5.2,13.5,3.5,CHUQUIBAMBILLA,-14.79,-70.72,Norte,PUNO,2015-10-28,10.0,0,1.0031640805378912
2015,10,29,0.0,17.0,2.5,CHUQUIBAMBILLA,-14.79,-70.72,Norte,PUNO,2015-10-29,14.5,0,1.629342554551923
2015,1,1,4.7,17.2,4.8,HUANCANE,-15.21,-69.76,Norte,PUNO,2015-01-01,12.4,0,5.145494216449679
2015,1,2,4.7,15.4,5.2,HUANCANE,-15.21,-69.76,Norte,PUNO,2015-01-02,10.2,0,5.232936449015997
2015,1,3,19.1,14.2,4.8,HUANCANE,-15.21,-69.76,Norte,PUNO,2015-01-03,9.4,0,5.215838222816106
2015,1,4,1.3,11.6,2.6,HUANCANE,-15.21,-69.76,Norte,PUNO,2015-01-04,9.0,0,4.302796098508115
2015,1,5,3.5,14.0,4.8,HUANCANE,-15.21,-69.76,Norte,PUNO,2015-01-05,9.2,0,4.281812353034293
2015,1,6,5.6,16.0,4.6,HUANCANE,-15.21,-69.76,Norte,PUNO,2015-01-06,11.4,0,4.702491630870181
2015,1,7,0.8,15.4,5.0,HUANCANE,-15.21,-69.76,Norte,PUNO,2015-01-07,10.4,0,4.727155835813956
2015,1,8,5.3,13.6,3.8,HUANCANE,-15.21,-69.76,Norte,PUNO,2015-01-08,9.8,0,4.826255536230784
2015,1,9,8.4,14.8,4.6,HUANCANE,-15.21,-69.76,Norte,PUNO,2015-01-09,10.2,0,4.37444538939603
2015,1,10,30.2,13.4,4.8,HUANCANE,-15.21,-69.76,Norte,PUNO,2015-01-10,8.600000000000001,0,4.443629715835511
2015,1,11,2.9,14.6,2.6,HUANCANE,-15.21,-69.76,Norte,PUNO,2015-01-11,12.0,0,3.445005154313569
2015,1,12,4.7,13.0,4.4,HUANCANE,-15.21,-69.76,Norte,PUNO,2015-01-12,8.6,0,4.330049638491492
2015,1,13,0.0,12.6,3.4,HUANCANE,-15.21,-69.76,Norte,PUNO,2015-01-13,9.2,0,4.444383219612266
2015,1,14,0.0,15.2,1.0,HUANCANE,-15.21,-69.76,Norte,PUNO,2015-01-14,14.2,0,3.879082784933459
2015,1,15,3.2,16.4,0.2,HUANCANE,-15.21,-69.76,Norte,PUNO,2015-01-15,16.2,0,2.2102328428340385
2015,1,16,0.0,13.6,3.6,HUANCANE,-15.21,-69.76,Norte,PUNO,2015-01-16,10.0,0,2.537999402149508
2015,1,17,0.0,13.4,4.4,HUANCANE,-15.21,-69.76,Norte,PUNO,2015-01-17,9.0,0,3.0273735626471847
2015,1,18,3.4,12.6,4.2,HUANCANE,-15.21,-69.76,Norte,PUNO,2015-01-18,8.399999999999999,0,3.1169655863833334
2015,1,19,3.5,14.2,4.6,HUANCANE,-15.21,-69.76,Norte,PUNO,2015-01-19,9.6,0,3.6409024858389376
2015,1,20,2.0,14.0,4.4,HUANCANE,-15.21,-69.76,Norte,PUNO,2015-01-20,9.6,0,3.9342869468965835
2015,1,21,0.0,14.4,4.8,HUANCANE,-15.21,-69.76,Norte,PUNO,2015-01-21,9.6,0,3.98349037950715
2015,1,22,0.0,14.6,3.2,HUANCANE,-15.21,-69.76,Norte,PUNO,2015-01-22,11.4,0,4.085224006370661
2015,1,23,0.0,14.8,5.4,HUANCANE,-15.21,-69.76,Norte,PUNO,2015-01-23,9.4,0,3.574181607133361
2015,1,24,0.0,15.2,4.4,HUANCANE,-15.21,-69.76,Norte,PUNO,2015-01-24,10.8,0,4.4378571003477365
2015,1,25,9.9,15.2,5.4,HUANCANE,-15.21,-69.76,Norte,PUNO,2015-01-25,9.8,0,4.2301539662911685
2015,1,26,4.0,13.8,4.2,HUANCANE,-15.21,-69.76,Norte,PUNO,2015-01-26,9.6,0,4.634668404046761
2015,1,27,0.0,15.0,5.0,HUANCANE,-15.21,-69.76,Norte,PUNO,2015-01-27,10.0,0,4.735336993969778
2015,1,28,7.1,13.4,5.4,HUANCANE,-15.21,-69.76,Norte,PUNO,2015-01-28,8.0,0,4.748531196978515
2015,1,29,0.0,15.2,5.8,HUANCANE,-15.21,-69.76,Norte,PUNO,2015-01-29,9.4,0,4.789974208042905
2015,1,30,4.3,12.0,5.4,HUANCANE,-15.21,-69.76,Norte,PUNO,2015-01-30,6.6,0,5.295222151103247
2015,1,31,0.2,14.2,3.8,HUANCANE,-15.21,-69.76,Norte,PUNO,2015-01-31,10.4,0,5.024610855317763
2015,2,1,0.8,14.4,5.6,HUANCANE,-15.21,-69.76,Norte,PUNO,2015-02-01,8.8,0,4.550653642967377
2015,2,2,0.0,16.0,2.2,HUANCANE,-15.21,-69.76,Norte,PUNO,2015-02-02,13.8,0,5.022050641197068
2015,2,3,0.0,16.2,0.4,HUANCANE,-15.21,-69.76,Norte,PUNO,2015-02-03,15.8,0,3.4372386659092857
2015,2,4,0.0,16.4,2.6,HUANCANE,-15.21,-69.76,Norte,PUNO,2015-02-04,13.8,0,2.006209258218706
2015,2,5,0.0,16.0,1.6,HUANCANE,-15.21,-69.76,Norte,PUNO,2015-02-05,14.4,0,2.8917829240949176
2015,2,6,17.6,14.0,5.4,HUANCANE,-15.21,-69.76,Norte,PUNO,2015-02-06,8.6,0,2.28149476483189
2015,2,7,11.1,12.2,4.6,HUANCANE,-15.21,-69.76,Norte,PUNO,2015-02-07,7.6,0,3.3966471383800614
2015,2,8,4.5,14.8,3.4,HUANCANE,-15.21,-69.76,Norte,PUNO,2015-02-08,11.4,0,3.8941295030648364
2015,2,9,4.3,15.4,5.6,HUANCANE,-15.21,-69.76,Norte,PUNO,2015-02-09,9.8,0,3.992209364634061
2015,2,10,0.0,15.2,5.4,HUANCANE,-15.21,-69.76,Norte,PUNO,2015-02-10,9.8,0,4.621406252227238
2015,2,11,14.7,14.4,5.6,HUANCANE,-15.21,-69.76,Norte,PUNO,2015-02-11,8.8,0,4.822697323951667
2015,2,12,0.0,14.0,5.8,HUANCANE,-15.21,-69.76,Norte,PUNO,2015-02-12,8.2,0,4.494325292197227
2015,2,13,2.0,15.6,3.6,HUANCANE,-15.21,-69.76,Norte,PUNO,2015-02-13,12.0,0,5.434849070353378
2015,2,14,29.1,17.0,6.4,HUANCANE,-15.21,-69.76,Norte,PUNO,2015-02-14,10.6,0,4.635137978864158
2015,2,15,0.3,14.2,5.0,HUANCANE,-15.21,-69.76,Norte,PUNO,2015-02-15,9.2,0,4.2610224436769535
2015,2,16,9.3,17.0,6.2,HUANCANE,-15.21,-69.76,Norte,PUNO,2015-02-16,10.8,0,5.378982407485088
2015,2,17,0.0,15.2,4.8,HUANCANE,-15.21,-69.76,Norte,PUNO,2015-02-17,10.4,0,5.426548395092869
2015,2,18,0.0,16.2,2.6,HUANCANE,-15.21,-69.76,Norte,PUNO,2015-02-18,13.6,0,5.22487298790743
2015,2,19,0.0,15.0,0.4,HUANCANE,-15.21,-69.76,Norte,PUNO,2015-02-19,14.6,0,3.714418548966041
2015,2,20,0.0,16.0,1.8,HUANCANE,-15.21,-69.76,Norte,PUNO,2015-02-20,14.2,0,2.0686445083582665
2015,2,21,0.0,13.2,4.8,HUANCANE,-15.21,-69.76,Norte,PUNO,2015-02-21,8.399999999999999,0,2.727980485321444
2015,2,22,0.0,15.0,4.6,HUANCANE,-15.21,-69.76,Norte,PUNO,2015-02-22,10.4,0,3.6594634315281644
2015,2,23,0.0,13.8,5.6,HUANCANE,-15.21,-69.76,Norte,PUNO,2015-02-23,8.200000000000001,0,3.858157281297453
2015,2,24,0.0,17.0,4.4,HUANCANE,-15.21,-69.76,Norte,PUNO,2015-02-24,12.6,0,4.1221590385194515
2015,2,25,0.0,16.2,0.8,HUANCANE,-15.21,-69.76,Norte,PUNO,2015-02-25,15.4,0,4.005505794201883
2015,2,26,2.2,16.4,3.4,HUANCANE,-15.21,-69.76,Norte,PUNO,2015-02-26,12.999999999999998,0,2.0524570692315254
2015,2,27,6.1,14.6,4.6,HUANCANE,-15.21,-69.76,Norte,PUNO,2015-02-27,10.0,0,3.824116140465182
2015,2,28,0.0,15.0,3.4,HUANCANE,-15.21,-69.76,Norte,PUNO,2015-02-28,11.6,0,4.291282415194716
2015,3,1,0.0,14.8,5.4,HUANCANE,-15.21,-69.76,Norte,PUNO,2015-03-01,9.4,0,3.672950057097607
2015,3,2,0.0,15.2,4.4,HUANCANE,-15.21,-69.76,Norte,PUNO,2015-03-02,10.8,0,4.193744930740159
2015,3,3,7.2,16.4,4.0,HUANCANE,-15.21,-69.76,Norte,PUNO,2015-03-03,12.4,0,3.910494246119723
2015,3,4,6.5,14.2,4.6,HUANCANE,-15.21,-69.76,Norte,PUNO,2015-03-04,9.6,0,4.2372737276213615
2015,3,5,2.1,14.0,4.8,HUANCANE,-15.21,-69.76,Norte,PUNO,2015-03-05,9.2,0,4.5073772273833805
2015,3,6,0.0,13.8,6.0,HUANCANE,-15.21,-69.76,Norte,PUNO,2015-03-06,7.800000000000001,0,4.762865362625353
2015,3,7,0.0,13.8,6.6,HUANCANE,-15.21,-69.76,Norte,PUNO,2015-03-07,7.200000000000001,0,4.973339837464701
2015,3,8,0.9,15.2,3.8,HUANCANE,-15.21,-69.76,Norte,PUNO,2015-03-08,11.4,0,5.293136971972245
2015,3,9,0.0,15.4,3.4,HUANCANE,-15.21,-69.76,Norte,PUNO,2015-03-09,12.0,0,4.519211847490583
2015,3,10,0.0,16.0,2.2,HUANCANE,-15.21,-69.76,Norte,PUNO,2015-03-10,13.8,0,3.9997280218847178
2015,3,11,1.9,15.4,3.0,HUANCANE,-15.21,-69.76,Norte,PUNO,2015-03-11,12.4,0,3.2370972637959268
2015,3,12,0.0,16.6,2.8,HUANCANE,-15.21,-69.76,Norte,PUNO,2015-03-12,13.8,0,3.870272190249149
2015,3,13,0.9,17.2,3.0,HUANCANE,-15.21,-69.76,Norte,PUNO,2015-03-13,14.2,0,3.229943831403246
2015,3,14,0.0,15.6,5.4,HUANCANE,-15.21,-69.76,Norte,PUNO,2015-03-14,10.2,0,3.3822037692873166
2015,3,15,0.0,14.8,1.4,HUANCANE,-15.21,-69.76,Norte,PUNO,2015-03-15,13.4,0,3.8953586485170946
2015,3,16,0.0,15.2,4.8,HUANCANE,-15.21,-69.76,Norte,PUNO,2015-03-16,10.4,0,2.1672088085472483
2015,3,17,0.0,16.4,2.2,HUANCANE,-15.21,-69.76,Norte,PUNO,2015-03-17,14.2,0,3.52761119094076
2015,3,18,0.0,14.8,3.8,HUANCANE,-15.21,-69.76,Norte,PUNO,2015-03-18,11.0,0,2.7292023505439746
2015,3,19,2.3,14.4,4.4,HUANCANE,-15.21,-69.76,Norte,PUNO,2015-03-19,10.0,0,3.3301173657048206
2015,3,20,1.4,14.4,2.8,HUANCANE,-15.21,-69.76,Norte,PUNO,2015-03-20,11.6,0,4.0863921798989535
2015,3,21,0.0,15.2,4.6,HUANCANE,-15.21,-69.76,Norte,PUNO,2015-03-21,10.6,0,3.4955927406009994
2015,3,22,0.0,14.4,3.2,HUANCANE,-15.21,-69.76,Norte,PUNO,2015-03-22,11.2,0,3.7454754022960146
2015,3,23,0.0,14.8,1.6,HUANCANE,-15.21,-69.76,Norte,PUNO,2015-03-23,13.2,0,3.264086288765886
2015,3,24,6.6,16.0,0.4,HUANCANE,-15.21,-69.76,Norte,PUNO,2015-03-24,15.6,0,2.309299782217095
2015,3,25,8.1,14.4,3.6,HUANCANE,-15.21,-69.76,Norte,PUNO,2015-03-25,10.8,0,2.8032022456050245
2015,3,26,2.9,15.2,3.4,HUANCANE,-15.21,-69.76,Norte,PUNO,2015-03-26,11.8,0,3.290045161229462
2015,3,27,0.0,16.2,2.2,HUANCANE,-15.21,-69.76,Norte,PUNO,2015-03-27,14.0,0,3.554249551512198
2015,3,28,0.0,15.4,2.8,HUANCANE,-15.21,-69.76,Norte,PUNO,2015-03-28,12.6,0,2.470552623871559
2015,3,29,0.0,16.4,0.6,HUANCANE,-15.21,-69.76,Norte,PUNO,2015-03-29,15.8,0,2.483968570544067
2015,3,30,0.0,15.0,2.8,HUANCANE,-15.21,-69.76,Norte,PUNO,2015-03-30,12.2,0,1.2384157555532365
2015,3,31,4.2,14.2,3.4,HUANCANE,-15.21,-69.76,Norte,PUNO,2015-03-31,10.8,0,2.2903481308658473
2015,4,1,0.9,15.2,4.8,HUANCANE,-15.21,-69.76,Norte,PUNO,2015-04-01,10.4,0,3.4818880114826496
2015,4,2,0.0,15.8,5.6,HUANCANE,-15.21,-69.76,Norte,PUNO,2015-04-02,10.2,0,3.768456660801209
2015,4,3,0.0,16.2,0.8,HUANCANE,-15.21,-69.76,Norte,PUNO,2015-04-03,15.4,0,4.062209986831694
2015,4,4,0.0,16.4,0.4,HUANCANE,-15.21,-69.76,Norte,PUNO,2015-04-04,15.999999999999998,0,1.8376273486293953
2015,4,5,1.0,16.2,0.6,HUANCANE,-15.21,-69.76,Norte,PUNO,2015-04-05,15.6,0,1.4334154954218354
2015,4,6,0.0,12.6,0.6,HUANCANE,-15.21,-69.76,Norte,PUNO,2015-04-06,12.0,0,2.012596901446968
2015,4,7,7.8,16.0,0.8,HUANCANE,-15.21,-69.76,Norte,PUNO,2015-04-07,15.2,0,1.2332342037164297
2015,4,8,10.4,12.2,4.8,HUANCANE,-15.21,-69.76,Norte,PUNO,2015-04-08,7.399999999999999,0,2.3794196181765086
2015,4,9,2.6,12.6,0.4,HUANCANE,-15.21,-69.76,Norte,PUNO,2015-04-09,12.2,0,2.8997854132795204
2015,4,10,4.5,12.2,2.4,HUANCANE,-15.21,-69.76,Norte,PUNO,2015-04-10,9.8,0,1.987995943498948
2015,4,11,6.1,11.8,4.4,HUANCANE,-15.21,-69.76,Norte,PUNO,2015-04-11,7.4,0,2.367580447925727
2015,4,12,0.0,13.2,3.8,HUANCANE,-15.21,-69.76,Norte,PUNO,2015-04-12,9.4,0,3.061340384467659
2015,4,13,6.5,14.4,4.6,HUANCANE,-15.21,-69.76,Norte,PUNO,2015-04-13,9.8,0,3.29169534663427
2015,4,14,3.9,16.2,4.4,HUANCANE,-15.21,-69.76,Norte,PUNO,2015-04-14,11.8,0,3.8106926102200407
2015,4,15,4.1,13.4,4.6,HUANCANE,-15.21,-69.76,Norte,PUNO,2015-04-15,8.8,0,4.328784395233504
2015,4,16,1.8,14.0,3.4,HUANCANE,-15.21,-69.76,Norte,PUNO,2015-04-16,10.6,0,4.284153250234459
2015,4,17,4.9,14.6,3.8,HUANCANE,-15.21,-69.76,Norte,PUNO,2015-04-17,10.8,0,4.051397632315338
2015,4,18,0.0,15.4,3.8,HUANCANE,-15.21,-69.76,Norte,PUNO,2015-04-18,11.6,0,4.184906731851467
2015,4,19,0.0,16.4,3.6,HUANCANE,-15.21,-69.76,Norte,PUNO,2015-04-19,12.8,0,3.887244832486248
2015,4,20,0.0,16.0,4.0,HUANCANE,-15.21,-69.76,Norte,PUNO,2015-04-20,12.0,0,3.5985518728019037
2015,4,21,0.0,13.6,2.4,HUANCANE,-15.21,-69.76,Norte,PUNO,2015-04-21,11.2,0,3.7044628348142394
2015,4,22,0.0,14.8,0.4,HUANCANE,-15.21,-69.76,Norte,PUNO,2015-04-22,14.4,0,2.838238957852476
2015,4,23,1.9,12.4,2.8,HUANCANE,-15.21,-69.76,Norte,PUNO,2015-04-23,9.6,0,1.5971131292215293
2015,4,24,0.0,14.2,3.8,HUANCANE,-15.21,-69.76,Norte,PUNO,2015-04-24,10.4,0,2.969822133282883
2015,4,25,0.0,14.4,4.2,HUANCANE,-15.21,-69.76,Norte,PUNO,2015-04-25,10.2,0,3.144202745849825
2015,4,26,0.8,15.6,4.8,HUANCANE,-15.21,-69.76,Norte,PUNO,2015-04-26,10.8,0,3.3341151218537113
2015,4,27,0.6,15.4,3.4,HUANCANE,-15.21,-69.76,Norte,PUNO,2015-04-27,12.0,0,3.9046130338718523
2015,4,28,0.0,13.8,3.2,HUANCANE,-15.21,-69.76,Norte,PUNO,2015-04-28,10.6,0,3.4679545618137073
2015,4,29,0.0,15.0,3.0,HUANCANE,-15.21,-69.76,Norte,PUNO,2015-04-29,12.0,0,3.109693243571777
2015,4,30,0.0,15.0,0.4,HUANCANE,-15.21,-69.76,Norte,PUNO,2015-04-30,14.6,0,3.1901188513957033
2015,5,1,0.0,16.6,1.8,HUANCANE,-15.21,-69.76,Norte,PUNO,2015-05-01,14.8,0,1.6651031946428627
2015,5,2,0.0,16.2,-1.4,HUANCANE,-15.21,-69.76,Norte,PUNO,2015-05-02,17.599999999999998,1,2.2745730864188554
2015,5,3,0.0,14.4,-1.0,HUANCANE,-15.21,-69.76,Norte,PUNO,2015-05-03,15.4,1,0.14813336719221953
2015,5,4,0.0,15.6,-1.4,HUANCANE,-15.21,-69.76,Norte,PUNO,2015-05-04,17.0,1,0.057687850274158584
2015,5,5,0.0,14.4,-1.4,HUANCANE,-15.21,-69.76,Norte,PUNO,2015-05-05,15.8,1,-0.3635501093575586
2015,5,6,0.0,16.2,-2.4,HUANCANE,-15.21,-69.76,Norte,PUNO,2015-05-06,18.6,1,-0.6376175425345282
2015,5,7,0.0,15.4,-0.6,HUANCANE,-15.21,-69.76,Norte,PUNO,2015-05-07,16.0,1,-1.4818445087187817
2015,5,8,0.8,15.2,0.4,HUANCANE,-15.21,-69.76,Norte,PUNO,2015-05-08,14.8,0,-0.5681423102488675
2015,5,9,3.5,15.0,1.2,HUANCANE,-15.21,-69.76,Norte,PUNO,2015-05-09,13.8,0,0.45809597303862737
2015,5,10,0.0,14.4,-2.0,HUANCANE,-15.21,-69.76,Norte,PUNO,2015-05-10,16.4,1,1.6545426147379019
2015,5,11,0.0,15.2,-2.2,HUANCANE,-15.21,-69.76,Norte,PUNO,2015-05-11,17.4,1,-1.4178886005949742
2015,5,12,0.0,16.2,-0.6,HUANCANE,-15.21,-69.76,Norte,PUNO,2015-05-12,16.8,1,-1.7253166247961849
2015,5,13,0.6,16.0,-0.4,HUANCANE,-15.21,-69.76,Norte,PUNO,2015-05-13,16.4,1,-0.8523034785995479
2015,5,14,0.0,15.4,3.0,HUANCANE,-15.21,-69.76,Norte,PUNO,2015-05-14,12.4,0,-0.015419439329127288
2015,5,15,0.0,13.0,-2.4,HUANCANE,-15.21,-69.76,Norte,PUNO,2015-05-15,15.4,1,1.1701764939352026
2015,5,16,0.2,10.2,-0.6,HUANCANE,-15.21,-69.76,Norte,PUNO,2015-05-16,10.8,1,-1.5395541314081946
2015,5,17,0.0,16.2,2.0,HUANCANE,-15.21,-69.76,Norte,PUNO,2015-05-17,14.2,0,-0.5997197758400546
2015,5,18,0.0,16.6,0.6,HUANCANE,-15.21,-69.76,Norte,PUNO,2015-05-18,16.0,0,0.8050923870673639
2015,5,19,0.0,15.0,-2.6,HUANCANE,-15.21,-69.76,Norte,PUNO,2015-05-19,17.6,1,0.6134572129507141
2015,5,20,0.0,16.0,-0.6,HUANCANE,-15.21,-69.76,Norte,PUNO,2015-05-20,16.6,1,-1.3950985997915688
2015,5,21,0.0,14.4,-3.8,HUANCANE,-15.21,-69.76,Norte,PUNO,2015-05-21,18.2,1,-0.2550610359931157
2015,5,22,0.0,15.2,-5.4,HUANCANE,-15.21,-69.76,Norte,PUNO,2015-05-22,20.6,1,-2.4390827842996248
2015,5,23,0.0,16.8,-3.6,HUANCANE,-15.21,-69.76,Norte,PUNO,2015-05-23,20.4,1,-3.632993441392765
2015,5,24,0.0,15.4,-4.0,HUANCANE,-15.21,-69.76,Norte,PUNO,2015-05-24,19.4,1,-2.6238856524067122
2015,5,25,0.0,16.4,-2.4,HUANCANE,-15.21,-69.76,Norte,PUNO,2015-05-25,18.8,1,-2.994527304642472
2015,5,26,0.0,16.2,-2.2,HUANCANE,-15.21,-69.76,Norte,PUNO,2015-05-26,18.4,1,-2.2288948168343277
2015,5,27,0.0,17.0,-1.8,HUANCANE,-15.21,-69.76,Norte,PUNO,2015-05-27,18.8,1,-2.0518640489752715
2015,5,28,0.0,14.4,-5.0,HUANCANE,-15.21,-69.76,Norte,PUNO,2015-05-28,19.4,1,-1.896869019785603
2015,5,29,0.0,17.4,-4.4,HUANCANE,-15.21,-69.76,Norte,PUNO,2015-05-29,21.8,1,-3.850291008200927
2015,5,30,0.0,17.0,-4.8,HUANCANE,-15.21,-69.76,Norte,PUNO,2015-05-30,21.8,1,-3.501548286984267
2015,5,31,0.0,18.4,-2.4,HUANCANE,-15.21,-69.76,Norte,PUNO,2015-05-31,20.8,1,-3.747529048888465
2015,6,1,0.0,16.4,0.8,HUANCANE,-15.21,-69.76,Norte,PUNO,2015-06-01,15.599999999999998,0,-2.2848364054002257
2015,6,2,2.0,15.2,0.6,HUANCANE,-15.21,-69.76,Norte,PUNO,2015-06-02,14.6,0,-0.3992845861229166
2015,6,3,0.0,16.0,-1.2,HUANCANE,-15.21,-69.76,Norte,PUNO,2015-06-03,17.2,1,0.9785123126532341
2015,6,4,0.0,14.2,-2.2,HUANCANE,-15.21,-69.76,Norte,PUNO,2015-06-04,16.4,1,-1.4745503252180436
2015,6,5,0.0,14.2,-3.6,HUANCANE,-15.21,-69.76,Norte,PUNO,2015-06-05,17.8,1,-1.8489469076070049
2015,6,6,0.0,15.0,-7.4,HUANCANE,-15.21,-69.76,Norte,PUNO,2015-06-06,22.4,1,-2.7461716711327147
2015,6,7,0.0,14.2,-7.2,HUANCANE,-15.21,-69.76,Norte,PUNO,2015-06-07,21.4,1,-5.426774400680912
2015,6,8,0.0,14.4,-8.4,HUANCANE,-15.21,-69.76,Norte,PUNO,2015-06-08,22.8,1,-5.417672900150424
2015,6,9,0.0,15.4,-6.8,HUANCANE,-15.21,-69.76,Norte,PUNO,2015-06-09,22.2,1,-6.5718465466785565
2015,6,10,0.0,16.2,-3.4,HUANCANE,-15.21,-69.76,Norte,PUNO,2015-06-10,19.6,1,-5.598737066949743
2015,6,11,0.0,15.2,-5.2,HUANCANE,-15.21,-69.76,Norte,PUNO,2015-06-11,20.4,1,-3.551692992629966
2015,6,12,0.0,16.4,-4.8,HUANCANE,-15.21,-69.76,Norte,PUNO,2015-06-12,21.2,1,-4.642209220453102
2015,6,13,0.0,16.2,-7.4,HUANCANE,-15.21,-69.76,Norte,PUNO,2015-06-13,23.6,1,-4.517193115579439
2015,6,14,0.0,16.6,-7.4,HUANCANE,-15.21,-69.76,Norte,PUNO,2015-06-14,24.0,1,-6.260822999020878
2015,6,15,0.0,19.2,-5.4,HUANCANE,-15.21,-69.76,Norte,PUNO,2015-06-15,24.6,1,-6.251119666166282
2015,6,16,0.0,18.6,-1.8,HUANCANE,-15.21,-69.76,Norte,PUNO,2015-06-16,20.4,1,-4.808902820456948
2015,6,17,0.0,18.2,-3.8,HUANCANE,-15.21,-69.76,Norte,PUNO,2015-06-17,22.0,1,-2.386797994457065
2015,6,18,0.0,14.4,-2.6,HUANCANE,-15.21,-69.76,Norte,PUNO,2015-06-18,17.0,1,-3.282242590143048
2015,6,19,0.0,15.4,-3.4,HUANCANE,-15.21,-69.76,Norte,PUNO,2015-06-19,18.8,1,-2.51805568295009
2015,6,20,0.0,15.4,-4.4,HUANCANE,-15.21,-69.76,Norte,PUNO,2015-06-20,19.8,1,-3.2072325632073637
2015,6,21,0.0,14.8,-5.0,HUANCANE,-15.21,-69.76,Norte,PUNO,2015-06-21,19.8,1,-3.7129625181442214
2015,6,22,0.0,16.2,-5.6,HUANCANE,-15.21,-69.76,Norte,PUNO,2015-06-22,21.8,1,-4.018317193587736
2015,6,23,0.0,18.4,-4.8,HUANCANE,-15.21,-69.76,Norte,PUNO,2015-06-23,23.2,1,-4.432968441209591
2015,6,24,0.0,14.4,-4.4,HUANCANE,-15.21,-69.76,Norte,PUNO,2015-06-24,18.8,1,-4.00792648570974
2015,6,25,0.0,15.4,-4.0,HUANCANE,-15.21,-69.76,Norte,PUNO,2015-06-25,19.4,1,-3.5801392769169658
2015,6,26,0.0,16.6,-2.4,HUANCANE,-15.21,-69.76,Norte,PUNO,2015-06-26,19.0,1,-3.5435179013322498
2015,6,27,0.0,16.2,-5.4,HUANCANE,-15.21,-69.76,Norte,PUNO,2015-06-27,21.6,1,-2.6399779935326433
2015,6,28,0.0,17.4,-4.8,HUANCANE,-15.21,-69.76,Norte,PUNO,2015-06-28,22.2,1,-4.440663340688224
2015,6,29,0.0,16.2,-7.8,HUANCANE,-15.21,-69.76,Norte,PUNO,2015-06-29,24.0,1,-4.0498099506726195
2015,6,30,0.0,15.8,-9.2,HUANCANE,-15.21,-69.76,Norte,PUNO,2015-06-30,25.0,1,-6.149772801507024
2015,7,1,0.0,16.6,-6.4,HUANCANE,-15.21,-69.76,Norte,PUNO,2015-07-01,23.0,1,-7.356970787880827
2015,7,2,0.0,17.2,-4.6,HUANCANE,-15.21,-69.76,Norte,PUNO,2015-07-02,21.8,1,-5.504692272706761
2015,7,3,0.0,16.6,-2.2,HUANCANE,-15.21,-69.76,Norte,PUNO,2015-07-03,18.8,1,-4.156842978091643
2015,7,4,2.4,8.8,0.8,HUANCANE,-15.21,-69.76,Norte,PUNO,2015-07-04,8.0,0,-2.7508407251310243
2015,7,5,0.0,12.2,-1.4,HUANCANE,-15.21,-69.76,Norte,PUNO,2015-07-05,13.6,1,-0.04715621682238938
2015,7,6,0.0,14.6,-6.4,HUANCANE,-15.21,-69.76,Norte,PUNO,2015-07-06,21.0,1,-2.6968942228532558
2015,7,7,0.0,13.8,-6.2,HUANCANE,-15.21,-69.76,Norte,PUNO,2015-07-07,20.0,1,-5.461125557962396
2015,7,8,0.0,15.2,-11.0,HUANCANE,-15.21,-69.76,Norte,PUNO,2015-07-08,26.2,1,-5.083423599605882
2015,7,9,0.0,15.4,-8.8,HUANCANE,-15.21,-69.76,Norte,PUNO,2015-07-09,24.200000000000003,1,-8.597251958191979
2015,7,10,0.0,16.0,-8.2,HUANCANE,-15.21,-69.76,Norte,PUNO,2015-07-10,24.2,1,-7.1783048500907745
2015,7,11,0.0,16.0,-7.2,HUANCANE,-15.21,-69.76,Norte,PUNO,2015-07-11,23.2,1,-6.749031564404956
2015,7,12,0.0,17.0,-8.0,HUANCANE,-15.21,-69.76,Norte,PUNO,2015-07-12,25.0,1,-6.141621370955921
2015,7,13,0.0,17.8,-6.8,HUANCANE,-15.21,-69.76,Norte,PUNO,2015-07-13,24.6,1,-6.9726304733848234
2015,7,14,0.0,16.8,-6.6,HUANCANE,-15.21,-69.76,Norte,PUNO,2015-07-14,23.4,1,-6.201908346640177
2015,7,15,0.0,12.0,-4.4,HUANCANE,-15.21,-69.76,Norte,PUNO,2015-07-15,16.4,1,-5.994126343428233
2015,7,16,0.0,16.4,-5.0,HUANCANE,-15.21,-69.76,Norte,PUNO,2015-07-16,21.4,1,-4.427661457081444
2015,7,17,0.0,16.2,-6.4,HUANCANE,-15.21,-69.76,Norte,PUNO,2015-07-17,22.6,1,-4.958790920164513
2015,7,18,0.0,15.6,-6.6,HUANCANE,-15.21,-69.76,Norte,PUNO,2015-07-18,22.2,1,-5.62458430922417
2015,7,19,0.0,16.4,-8.0,HUANCANE,-15.21,-69.76,Norte,PUNO,2015-07-19,24.4,1,-5.721102561516933
2015,7,20,0.0,14.4,-7.8,HUANCANE,-15.21,-69.76,Norte,PUNO,2015-07-20,22.2,1,-6.695598318322948
2015,7,21,0.0,16.0,-7.0,HUANCANE,-15.21,-69.76,Norte,PUNO,2015-07-21,23.0,1,-6.577973466679717
2015,7,22,0.0,17.0,-5.4,HUANCANE,-15.21,-69.76,Norte,PUNO,2015-07-22,22.4,1,-6.03364282370109
2015,7,23,0.0,18.4,-4.8,HUANCANE,-15.21,-69.76,Norte,PUNO,2015-07-23,23.2,1,-4.9488722138471575
2015,7,24,0.0,17.0,-3.8,HUANCANE,-15.21,-69.76,Norte,PUNO,2015-07-24,20.8,1,-4.505015717989253
2015,7,25,0.0,16.0,-3.2,HUANCANE,-15.21,-69.76,Norte,PUNO,2015-07-25,19.2,1,-3.7306201086614776
2015,7,26,0.0,17.6,-3.8,HUANCANE,-15.21,-69.76,Norte,PUNO,2015-07-26,21.4,1,-3.2893732718178317
2015,7,27,0.0,16.2,-4.4,HUANCANE,-15.21,-69.76,Norte,PUNO,2015-07-27,20.6,1,-3.58785601708478
2015,7,28,0.0,15.0,-4.8,HUANCANE,-15.21,-69.76,Norte,PUNO,2015-07-28,19.8,1,-3.736762802493714
2015,7,29,0.0,15.4,-6.4,HUANCANE,-15.21,-69.76,Norte,PUNO,2015-07-29,21.8,1,-3.9559923602657032
2015,7,30,0.0,15.0,-7.0,HUANCANE,-15.21,-69.76,Norte,PUNO,2015-07-30,22.0,1,-5.149267210629343
2015,7,31,0.0,14.8,-6.0,HUANCANE,-15.21,-69.76,Norte,PUNO,2015-07-31,20.8,1,-5.649516669296226
2015,8,1,0.0,17.2,-6.8,HUANCANE,-15.21,-69.76,Norte,PUNO,2015-08-01,24.0,1,-5.039096100855037
2015,8,2,0.0,16.0,-5.4,HUANCANE,-15.21,-69.76,Norte,PUNO,2015-08-02,21.4,1,-5.6813239929739
2015,8,3,0.0,16.2,-5.2,HUANCANE,-15.21,-69.76,Norte,PUNO,2015-08-03,21.4,1,-4.743824240240642
2015,8,4,0.0,17.4,-5.2,HUANCANE,-15.21,-69.76,Norte,PUNO,2015-08-04,22.6,1,-4.640023028134637
2015,8,5,0.0,16.2,-4.6,HUANCANE,-15.21,-69.76,Norte,PUNO,2015-08-05,20.8,1,-4.6816704923171955
2015,8,6,0.0,17.0,-6.6,HUANCANE,-15.21,-69.76,Norte,PUNO,2015-08-06,23.6,1,-4.178427039175046
2015,8,7,0.0,17.2,-5.6,HUANCANE,-15.21,-69.76,Norte,PUNO,2015-08-07,22.8,1,-5.556970389005403
2015,8,8,0.0,17.8,-4.4,HUANCANE,-15.21,-69.76,Norte,PUNO,2015-08-08,22.200000000000003,1,-4.8542349909101326
2015,8,9,0.0,16.8,1.0,HUANCANE,-15.21,-69.76,Norte,PUNO,2015-08-09,15.8,0,-3.9588686576937167
2015,8,10,0.0,15.4,-11.4,HUANCANE,-15.21,-69.76,Norte,PUNO,2015-08-10,26.8,1,-1.0646140880446509
2015,8,11,11.9,14.4,-5.2,HUANCANE,-15.21,-69.76,Norte,PUNO,2015-08-11,19.6,1,-8.713210850599326
2015,8,12,6.8,10.8,2.6,HUANCANE,-15.21,-69.76,Norte,PUNO,2015-08-12,8.200000000000001,0,-1.5993988331365308
2015,8,13,0.0,10.0,0.4,HUANCANE,-15.21,-69.76,Norte,PUNO,2015-08-13,9.6,0,0.5012883626378566
2015,8,14,0.0,15.2,-1.2,HUANCANE,-15.21,-69.76,Norte,PUNO,2015-08-14,16.4,1,-0.260254683628271
2015,8,15,0.0,16.4,-5.0,HUANCANE,-15.21,-69.76,Norte,PUNO,2015-08-15,21.4,1,-1.7818741511312852
2015,8,16,0.0,15.0,-2.4,HUANCANE,-15.21,-69.76,Norte,PUNO,2015-08-16,17.4,1,-4.052584931570263
2015,8,17,0.0,17.4,-3.2,HUANCANE,-15.21,-69.76,Norte,PUNO,2015-08-17,20.6,1,-2.478793707374776
2015,8,18,0.1,14.4,0.4,HUANCANE,-15.21,-69.76,Norte,PUNO,2015-08-18,14.0,0,-2.5463160180361437
2015,8,19,0.0,17.2,-2.0,HUANCANE,-15.21,-69.76,Norte,PUNO,2015-08-19,19.2,1,-0.2032945075042539
2015,8,20,0.0,15.2,-2.4,HUANCANE,-15.21,-69.76,Norte,PUNO,2015-08-20,17.599999999999998,1,-1.6117949409614354
2015,8,21,0.0,16.6,-1.6,HUANCANE,-15.21,-69.76,Norte,PUNO,2015-08-21,18.200000000000003,1,-1.8929878989837983
2015,8,22,0.0,16.8,-2.4,HUANCANE,-15.21,-69.76,Norte,PUNO,2015-08-22,19.2,1,-1.5118568007543698
2015,8,23,0.0,17.4,-1.4,HUANCANE,-15.21,-69.76,Norte,PUNO,2015-08-23,18.8,1,-1.794244323137787
2015,8,24,0.0,16.6,-1.6,HUANCANE,-15.21,-69.76,Norte,PUNO,2015-08-24,18.200000000000003,1,-1.207463570649189
2015,8,25,0.0,16.4,0.8,HUANCANE,-15.21,-69.76,Norte,PUNO,2015-08-25,15.599999999999998,0,-1.1646368609222937
2015,8,26,0.0,16.6,-4.0,HUANCANE,-15.21,-69.76,Norte,PUNO,2015-08-26,20.6,1,-0.009045067352972003
2015,8,27,0.0,13.6,-5.0,HUANCANE,-15.21,-69.76,Norte,PUNO,2015-08-27,18.6,1,-2.7584221743630772
2015,8,28,0.0,14.2,-5.4,HUANCANE,-15.21,-69.76,Norte,PUNO,2015-08-28,19.6,1,-3.5357984310782875
2015,8,29,0.0,15.0,-7.8,HUANCANE,-15.21,-69.76,Norte,PUNO,2015-08-29,22.8,1,-3.989573026567736
2015,8,30,0.0,14.0,-9.4,HUANCANE,-15.21,-69.76,Norte,PUNO,2015-08-30,23.4,1,-5.899870422523165
2015,8,31,0.0,15.0,-5.8,HUANCANE,-15.21,-69.76,Norte,PUNO,2015-08-31,20.8,1,-7.38863250696396
2015,9,1,0.0,13.4,-2.4,HUANCANE,-15.21,-69.76,Norte,PUNO,2015-09-01,15.8,1,-5.064412493045197
2015,9,2,8.4,14.4,0.4,HUANCANE,-15.21,-69.76,Norte,PUNO,2015-09-02,14.0,0,-3.038570571091055
2015,9,3,0.9,12.4,2.8,HUANCANE,-15.21,-69.76,Norte,PUNO,2015-09-03,9.6,0,0.3751690754533599
2015,9,4,2.6,13.4,3.6,HUANCANE,-15.21,-69.76,Norte,PUNO,2015-09-04,9.8,0,0.4497137743723205
2015,9,5,12.4,10.8,3.4,HUANCANE,-15.21,-69.76,Norte,PUNO,2015-09-05,7.4,0,1.2511802733366224
2015,9,6,0.0,16.4,2.0,HUANCANE,-15.21,-69.76,Norte,PUNO,2015-09-06,14.4,0,1.341650778126507
2015,9,7,0.0,17.2,-2.4,HUANCANE,-15.21,-69.76,Norte,PUNO,2015-09-07,19.6,1,1.8309462211402596
2015,9,8,0.0,17.6,-5.2,HUANCANE,-15.21,-69.76,Norte,PUNO,2015-09-08,22.8,1,-1.0032640471487853
2015,9,9,0.0,17.4,-4.6,HUANCANE,-15.21,-69.76,Norte,PUNO,2015-09-09,22.0,1,-3.0506873001001824
2015,9,10,0.0,17.0,-4.4,HUANCANE,-15.21,-69.76,Norte,PUNO,2015-09-10,21.4,1,-2.752955631866745
2015,9,11,0.0,18.4,-3.4,HUANCANE,-15.21,-69.76,Norte,PUNO,2015-09-11,21.8,1,-2.812438748851969
2015,9,12,0.0,18.8,-2.0,HUANCANE,-15.21,-69.76,Norte,PUNO,2015-09-12,20.8,1,-2.5028709437968035
2015,9,13,0.0,18.4,-2.8,HUANCANE,-15.21,-69.76,Norte,PUNO,2015-09-13,21.2,1,-1.8201256914890598
2015,9,14,0.0,18.0,-1.4,HUANCANE,-15.21,-69.76,Norte,PUNO,2015-09-14,19.4,1,-2.335783301358979
2015,9,15,0.0,18.0,-1.6,HUANCANE,-15.21,-69.76,Norte,PUNO,2015-09-15,19.6,1,-1.5621340672496828
2015,9,16,0.0,18.2,-0.4,HUANCANE,-15.21,-69.76,Norte,PUNO,2015-09-16,18.6,1,-1.4803071668747436
2015,9,17,0.4,17.0,-1.0,HUANCANE,-15.21,-69.76,Norte,PUNO,2015-09-17,18.0,1,-0.7127537601188152
2015,9,18,0.9,17.2,2.8,HUANCANE,-15.21,-69.76,Norte,PUNO,2015-09-18,14.4,0,-0.4136129124188277
2015,9,19,0.0,13.8,3.0,HUANCANE,-15.21,-69.76,Norte,PUNO,2015-09-19,10.8,0,1.4827586174402907
2015,9,20,0.0,16.2,2.8,HUANCANE,-15.21,-69.76,Norte,PUNO,2015-09-20,13.4,0,1.631527988513125
2015,9,21,0.0,17.0,-0.4,HUANCANE,-15.21,-69.76,Norte,PUNO,2015-09-21,17.4,1,1.746167035939531
2015,9,22,0.0,18.0,-0.6,HUANCANE,-15.21,-69.76,Norte,PUNO,2015-09-22,18.6,1,0.267919992050039
2015,9,23,3.6,16.0,1.6,HUANCANE,-15.21,-69.76,Norte,PUNO,2015-09-23,14.4,0,0.186011227008533
2015,9,24,0.0,16.2,3.6,HUANCANE,-15.21,-69.76,Norte,PUNO,2015-09-24,12.6,0,2.4953772972122343
2015,9,25,2.1,16.2,4.8,HUANCANE,-15.21,-69.76,Norte,PUNO,2015-09-25,11.4,0,2.566806361150904
2015,9,26,0.0,18.2,4.4,HUANCANE,-15.21,-69.76,Norte,PUNO,2015-09-26,13.8,0,3.554653907604957
2015,9,27,0.0,18.4,-2.6,HUANCANE,-15.21,-69.76,Norte,PUNO,2015-09-27,21.0,1,3.238283941241443
2015,9,28,0.0,17.4,0.4,HUANCANE,-15.21,-69.76,Norte,PUNO,2015-09-28,17.0,0,-0.9377397045331469
2015,9,29,0.0,18.2,-3.0,HUANCANE,-15.21,-69.76,Norte,PUNO,2015-09-29,21.2,1,0.8964970363341063
2015,9,30,0.0,18.6,-1.8,HUANCANE,-15.21,-69.76,Norte,PUNO,2015-09-30,20.4,1,-1.129083404035671
2015,10,1,0.0,16.2,-2.4,HUANCANE,-15.21,-69.76,Norte,PUNO,2015-10-01,18.6,1,-0.5207000865464471
2015,10,2,1.9,14.2,2.4,HUANCANE,-15.21,-69.76,Norte,PUNO,2015-10-02,11.8,0,-1.0624812840775175
2015,10,3,2.2,10.2,2.2,HUANCANE,-15.21,-69.76,Norte,PUNO,2015-10-03,7.999999999999999,0,1.757544366617
2015,10,4,0.0,15.8,0.4,HUANCANE,-15.21,-69.76,Norte,PUNO,2015-10-04,15.4,0,1.6491631316553899
2015,10,5,0.0,17.2,-2.0,HUANCANE,-15.21,-69.76,Norte,PUNO,2015-10-05,19.2,1,-0.0963611661474825
2015,10,6,0.0,18.4,-2.8,HUANCANE,-15.21,-69.76,Norte,PUNO,2015-10-06,21.2,1,-1.511972981087098
2015,10,7,0.0,18.2,-0.8,HUANCANE,-15.21,-69.76,Norte,PUNO,2015-10-07,19.0,1,-1.8938865523407364
2015,10,8,0.0,19.8,1.0,HUANCANE,-15.21,-69.76,Norte,PUNO,2015-10-08,18.8,0,-0.6123261761340554
2015,10,9,0.0,18.6,-5.4,HUANCANE,-15.21,-69.76,Norte,PUNO,2015-10-09,24.0,1,0.567008968113221
2015,10,10,0.0,19.6,-5.2,HUANCANE,-15.21,-69.76,Norte,PUNO,2015-10-10,24.8,1,-3.35625522560612
2015,10,11,0.0,21.4,-4.2,HUANCANE,-15.21,-69.76,Norte,PUNO,2015-10-11,25.6,1,-3.5239192195640068
2015,10,12,0.0,19.4,-4.8,HUANCANE,-15.21,-69.76,Norte,PUNO,2015-10-12,24.2,1,-3.116094704025829
2015,10,13,0.0,18.8,-5.6,HUANCANE,-15.21,-69.76,Norte,PUNO,2015-10-13,24.4,1,-3.309052339455978
2015,10,14,0.0,19.6,-4.4,HUANCANE,-15.21,-69.76,Norte,PUNO,2015-10-14,24.0,1,-4.024285161906522
2015,10,15,0.0,18.0,0.4,HUANCANE,-15.21,-69.76,Norte,PUNO,2015-10-15,17.6,0,-3.543840658183484
2015,10,16,0.0,17.0,-1.4,HUANCANE,-15.21,-69.76,Norte,PUNO,2015-10-16,18.4,1,-1.0591461805052451
2015,10,17,0.0,17.6,-0.4,HUANCANE,-15.21,-69.76,Norte,PUNO,2015-10-17,18.0,1,-1.3912573685818108
2015,10,18,0.0,14.4,1.4,HUANCANE,-15.21,-69.76,Norte,PUNO,2015-10-18,13.0,0,-0.8838644878381229
2015,10,19,0.8,18.4,-0.8,HUANCANE,-15.21,-69.76,Norte,PUNO,2015-10-19,19.2,1,0.21317975514270135
2015,10,20,12.6,18.0,5.4,HUANCANE,-15.21,-69.76,Norte,PUNO,2015-10-20,12.6,0,-0.12161895628012545
2015,10,21,0.0,16.8,1.8,HUANCANE,-15.21,-69.76,Norte,PUNO,2015-10-21,15.0,0,2.52998174581964
2015,10,22,0.0,17.4,-0.6,HUANCANE,-15.21,-69.76,Norte,PUNO,2015-10-22,18.0,1,2.1088363816097644
2015,10,23,0.0,17.4,-0.4,HUANCANE,-15.21,-69.76,Norte,PUNO,2015-10-23,17.799999999999997,1,0.23046893570147642
2015,10,24,1.7,17.2,3.4,HUANCANE,-15.21,-69.76,Norte,PUNO,2015-10-24,13.8,0,0.36101244124184617
2015,10,25,3.5,13.6,4.6,HUANCANE,-15.21,-69.76,Norte,PUNO,2015-10-25,9.0,0,2.7775233586430366
2015,10,26,0.0,13.2,3.4,HUANCANE,-15.21,-69.76,Norte,PUNO,2015-10-26,9.8,0,3.624053607507199
2015,10,27,0.0,15.4,4.6,HUANCANE,-15.21,-69.76,Norte,PUNO,2015-10-27,10.8,0,2.962237650621778
2015,10,28,8.5,15.2,4.6,HUANCANE,-15.21,-69.76,Norte,PUNO,2015-10-28,10.6,0,3.211910095683423
2015,10,29,8.4,15.2,2.8,HUANCANE,-15.21,-69.76,Norte,PUNO,2015-10-29,12.4,0,3.819070031235589
2015,1,1,0.6,20.2,0.4,MAZO CRUZ,-16.75,-69.71,Sur,PUNO,2015-01-01,19.8,0,1.486089019197531
2015,1,2,8.4,14.4,1.2,MAZO CRUZ,-16.75,-69.71,Sur,PUNO,2015-01-02,13.2,0,1.0194763452701618
2015,1,3,2.2,18.2,1.0,MAZO CRUZ,-16.75,-69.71,Sur,PUNO,2015-01-03,17.2,0,2.5464693427511715
2015,1,4,5.0,13.6,2.6,MAZO CRUZ,-16.75,-69.71,Sur,PUNO,2015-01-04,11.0,0,1.8050452871715954
2015,1,5,5.6,14.4,1.5,MAZO CRUZ,-16.75,-69.71,Sur,PUNO,2015-01-05,12.9,0,2.611719615051875
2015,1,6,4.4,16.8,2.6,MAZO CRUZ,-16.75,-69.71,Sur,PUNO,2015-01-06,14.2,0,2.028474627467403
2015,1,7,0.0,16.6,-0.6,MAZO CRUZ,-16.75,-69.71,Sur,PUNO,2015-01-07,17.200000000000003,1,2.275541963658369
2015,1,8,0.0,15.2,2.6,MAZO CRUZ,-16.75,-69.71,Sur,PUNO,2015-01-08,12.6,0,-0.3925626969308821
2015,1,9,6.8,19.6,1.6,MAZO CRUZ,-16.75,-69.71,Sur,PUNO,2015-01-09,18.0,0,1.1003181395601538
2015,1,10,5.6,14.2,0.6,MAZO CRUZ,-16.75,-69.71,Sur,PUNO,2015-01-10,13.6,0,2.3519934760800183
2015,1,11,1.2,15.2,2.4,MAZO CRUZ,-16.75,-69.71,Sur,PUNO,2015-01-11,12.8,0,1.9960804869394335
2015,1,12,3.2,12.4,4.0,MAZO CRUZ,-16.75,-69.71,Sur,PUNO,2015-01-12,8.4,0,1.8232126454412012
2015,1,13,0.0,15.2,2.0,MAZO CRUZ,-16.75,-69.71,Sur,PUNO,2015-01-13,13.2,0,2.7170992719655858
2015,1,14,0.0,18.4,-5.2,MAZO CRUZ,-16.75,-69.71,Sur,PUNO,2015-01-14,23.6,1,1.092352051524186
2015,1,15,0.0,19.4,-4.2,MAZO CRUZ,-16.75,-69.71,Sur,PUNO,2015-01-15,23.6,1,-3.9187821961018092
2015,1,16,0.0,17.2,-1.6,MAZO CRUZ,-16.75,-69.71,Sur,PUNO,2015-01-16,18.8,1,-3.4665622330019996
2015,1,17,8.0,18.6,-4.4,MAZO CRUZ,-16.75,-69.71,Sur,PUNO,2015-01-17,23.0,1,-1.8760199585617312
2015,1,18,1.0,16.0,0.0,MAZO CRUZ,-16.75,-69.71,Sur,PUNO,2015-01-18,16.0,1,0.4133485718711267
2015,1,19,2.6,18.0,-2.4,MAZO CRUZ,-16.75,-69.71,Sur,PUNO,2015-01-19,20.4,1,-0.5121770609363567
2015,1,20,2.0,15.2,4.4,MAZO CRUZ,-16.75,-69.71,Sur,PUNO,2015-01-20,10.8,0,-1.4514864057711565
2015,1,21,2.6,13.8,3.2,MAZO CRUZ,-16.75,-69.71,Sur,PUNO,2015-01-21,10.6,0,0.7502270212115917
2015,1,22,3.8,16.4,3.4,MAZO CRUZ,-16.75,-69.71,Sur,PUNO,2015-01-22,12.999999999999998,0,1.405718316439463
2015,1,23,9.4,16.2,1.6,MAZO CRUZ,-16.75,-69.71,Sur,PUNO,2015-01-23,14.6,0,1.931223802058351
2015,1,24,13.4,16.4,5.2,MAZO CRUZ,-16.75,-69.71,Sur,PUNO,2015-01-24,11.2,0,1.7130016460748476
2015,1,25,3.6,14.6,1.0,MAZO CRUZ,-16.75,-69.71,Sur,PUNO,2015-01-25,13.6,0,3.049169660421389
2015,1,26,0.8,16.4,-2.2,MAZO CRUZ,-16.75,-69.71,Sur,PUNO,2015-01-26,18.6,1,2.5480446024583716
2015,1,27,0.2,17.2,-1.6,MAZO CRUZ,-16.75,-69.71,Sur,PUNO,2015-01-27,18.8,1,-0.4780463201934334
2015,1,28,1.4,18.0,-0.2,MAZO CRUZ,-16.75,-69.71,Sur,PUNO,2015-01-28,18.2,1,-0.864105944358789
2015,1,29,30.0,16.4,3.2,MAZO CRUZ,-16.75,-69.71,Sur,PUNO,2015-01-29,13.2,0,0.4029235104091067
2015,1,30,11.6,14.0,3.2,MAZO CRUZ,-16.75,-69.71,Sur,PUNO,2015-01-30,10.8,0,1.8746779544251044
2015,1,31,9.0,14.2,3.6,MAZO CRUZ,-16.75,-69.71,Sur,PUNO,2015-01-31,10.6,0,2.8333411833035735
2015,2,1,1.0,16.0,4.4,MAZO CRUZ,-16.75,-69.71,Sur,PUNO,2015-02-01,11.6,0,2.941745017311628
2015,2,2,0.0,17.6,2.4,MAZO CRUZ,-16.75,-69.71,Sur,PUNO,2015-02-02,15.2,0,3.299630797036803
2015,2,3,1.0,19.2,-1.2,MAZO CRUZ,-16.75,-69.71,Sur,PUNO,2015-02-03,20.4,1,2.1630335967987597
2015,2,4,0.2,18.6,2.0,MAZO CRUZ,-16.75,-69.71,Sur,PUNO,2015-02-04,16.6,0,0.6276790658868664
2015,2,5,0.0,16.8,-1.6,MAZO CRUZ,-16.75,-69.71,Sur,PUNO,2015-02-05,18.4,1,1.8388467871086835
2015,2,6,11.2,16.2,-0.8,MAZO CRUZ,-16.75,-69.71,Sur,PUNO,2015-02-06,17.0,1,-0.5729222360790629
2015,2,7,5.2,15.8,3.2,MAZO CRUZ,-16.75,-69.71,Sur,PUNO,2015-02-07,12.6,0,1.6537381493530579
2015,2,8,3.2,16.0,3.8,MAZO CRUZ,-16.75,-69.71,Sur,PUNO,2015-02-08,12.2,0,2.543552094030944
2015,2,9,5.4,13.6,5.2,MAZO CRUZ,-16.75,-69.71,Sur,PUNO,2015-02-09,8.399999999999999,0,2.716802905947112
2015,2,10,1.2,15.4,5.6,MAZO CRUZ,-16.75,-69.71,Sur,PUNO,2015-02-10,9.8,0,3.3014805820732955
2015,2,11,14.0,15.6,4.4,MAZO CRUZ,-16.75,-69.71,Sur,PUNO,2015-02-11,11.2,0,3.7691819536877706
2015,2,12,2.0,14.4,2.0,MAZO CRUZ,-16.75,-69.71,Sur,PUNO,2015-02-12,12.4,0,3.486587096428584
2015,2,13,10.6,17.4,3.4,MAZO CRUZ,-16.75,-69.71,Sur,PUNO,2015-02-13,13.999999999999998,0,3.0897150798290087
2015,2,14,21.8,14.8,5.2,MAZO CRUZ,-16.75,-69.71,Sur,PUNO,2015-02-14,9.6,0,3.4867675854572346
2015,2,15,0.0,15.2,3.8,MAZO CRUZ,-16.75,-69.71,Sur,PUNO,2015-02-15,11.4,0,3.716007155761074
2015,2,16,0.0,18.0,4.2,MAZO CRUZ,-16.75,-69.71,Sur,PUNO,2015-02-16,13.8,0,3.8482179476625378
2015,2,17,4.0,16.8,0.4,MAZO CRUZ,-16.75,-69.71,Sur,PUNO,2015-02-17,16.400000000000002,0,3.5988524856210518
2015,2,18,0.0,18.0,-2.6,MAZO CRUZ,-16.75,-69.71,Sur,PUNO,2015-02-18,20.6,1,2.792233972835346
2015,2,19,0.0,18.4,-5.2,MAZO CRUZ,-16.75,-69.71,Sur,PUNO,2015-02-19,23.6,1,-0.9736184966856994
2015,2,20,0.0,18.4,-3.4,MAZO CRUZ,-16.75,-69.71,Sur,PUNO,2015-02-20,21.8,1,-3.2521825215998756
2015,2,21,1.4,18.2,1.0,MAZO CRUZ,-16.75,-69.71,Sur,PUNO,2015-02-21,17.2,0,-2.6395590769804302
2015,2,22,8.8,18.6,1.4,MAZO CRUZ,-16.75,-69.71,Sur,PUNO,2015-02-22,17.200000000000003,0,0.26037414769149525
2015,2,23,6.8,14.6,4.8,MAZO CRUZ,-16.75,-69.71,Sur,PUNO,2015-02-23,9.8,0,1.779251129905595
2015,2,24,0.0,17.2,4.2,MAZO CRUZ,-16.75,-69.71,Sur,PUNO,2015-02-24,13.0,0,2.447648717807215
2015,2,25,0.0,18.4,-1.6,MAZO CRUZ,-16.75,-69.71,Sur,PUNO,2015-02-25,20.0,1,2.0309835766371025
2015,2,26,0.0,18.0,0.4,MAZO CRUZ,-16.75,-69.71,Sur,PUNO,2015-02-26,17.6,0,-1.338337530367015
2015,2,27,3.8,14.4,-0.6,MAZO CRUZ,-16.75,-69.71,Sur,PUNO,2015-02-27,15.0,1,0.17888137952673905
2015,2,28,0.0,16.8,-2.0,MAZO CRUZ,-16.75,-69.71,Sur,PUNO,2015-02-28,18.8,1,1.6818650135607813
2015,3,1,0.4,17.6,3.6,MAZO CRUZ,-16.75,-69.71,Sur,PUNO,2015-03-01,14.000000000000002,0,-1.6141984784715449
2015,3,2,0.4,18.2,2.0,MAZO CRUZ,-16.75,-69.71,Sur,PUNO,2015-03-02,16.2,0,1.1374251671362479
2015,3,3,0.6,19.4,-0.2,MAZO CRUZ,-16.75,-69.71,Sur,PUNO,2015-03-03,19.6,1,1.0223265552083192
2015,3,4,7.8,15.2,5.2,MAZO CRUZ,-16.75,-69.71,Sur,PUNO,2015-03-04,10.0,0,-0.06078037048151991
2015,3,5,6.6,15.2,2.8,MAZO CRUZ,-16.75,-69.71,Sur,PUNO,2015-03-05,12.4,0,2.953309965576023
2015,3,6,8.4,16.4,4.6,MAZO CRUZ,-16.75,-69.71,Sur,PUNO,2015-03-06,11.8,0,2.902494872109621
2015,3,7,4.0,16.0,3.4,MAZO CRUZ,-16.75,-69.71,Sur,PUNO,2015-03-07,12.6,0,3.444453980254647
2015,3,8,7.8,14.6,4.8,MAZO CRUZ,-16.75,-69.71,Sur,PUNO,2015-03-08,9.8,0,3.5926685371536955
2015,3,9,2.0,15.6,2.6,MAZO CRUZ,-16.75,-69.71,Sur,PUNO,2015-03-09,13.0,0,3.828071731950236
2015,3,10,1.4,16.0,4.8,MAZO CRUZ,-16.75,-69.71,Sur,PUNO,2015-03-10,11.2,0,3.222885648682828
2015,3,11,5.8,17.4,2.4,MAZO CRUZ,-16.75,-69.71,Sur,PUNO,2015-03-11,14.999999999999998,0,3.9287658026772982
2015,3,12,7.6,19.2,0.0,MAZO CRUZ,-16.75,-69.71,Sur,PUNO,2015-03-12,19.2,1,3.403361330245874
2015,3,13,0.0,18.0,1.2,MAZO CRUZ,-16.75,-69.71,Sur,PUNO,2015-03-13,16.8,0,2.379573716372399
2015,3,14,2.0,16.2,0.4,MAZO CRUZ,-16.75,-69.71,Sur,PUNO,2015-03-14,15.8,0,1.4472000037242778
2015,3,15,2.8,16.4,-0.6,MAZO CRUZ,-16.75,-69.71,Sur,PUNO,2015-03-15,17.0,1,1.6039339461185533
2015,3,16,2.0,18.2,2.4,MAZO CRUZ,-16.75,-69.71,Sur,PUNO,2015-03-16,15.8,0,0.9776629525184065
2015,3,17,16.6,15.8,5.4,MAZO CRUZ,-16.75,-69.71,Sur,PUNO,2015-03-17,10.4,0,1.689358190007393
2015,3,18,2.4,13.2,4.0,MAZO CRUZ,-16.75,-69.71,Sur,PUNO,2015-03-18,9.2,0,2.613052807120649
2015,3,19,6.0,14.0,4.0,MAZO CRUZ,-16.75,-69.71,Sur,PUNO,2015-03-19,10.0,0,3.2510631711557356
2015,3,20,2.0,16.4,2.8,MAZO CRUZ,-16.75,-69.71,Sur,PUNO,2015-03-20,13.599999999999998,0,3.346806078982563
2015,3,21,4.0,16.6,3.8,MAZO CRUZ,-16.75,-69.71,Sur,PUNO,2015-03-21,12.8,0,2.933225025130591
2015,3,22,3.8,17.6,3.2,MAZO CRUZ,-16.75,-69.71,Sur,PUNO,2015-03-22,14.400000000000002,0,3.557901800091957
2015,3,23,0.2,15.4,0.6,MAZO CRUZ,-16.75,-69.71,Sur,PUNO,2015-03-23,14.8,0,3.5983507564556927
2015,3,24,1.2,15.4,0.6,MAZO CRUZ,-16.75,-69.71,Sur,PUNO,2015-03-24,14.8,0,1.4747418711391387
2015,3,25,5.6,12.4,1.4,MAZO CRUZ,-16.75,-69.71,Sur,PUNO,2015-03-25,11.0,0,1.4005405563889726
2015,3,26,1.6,13.6,0.2,MAZO CRUZ,-16.75,-69.71,Sur,PUNO,2015-03-26,13.4,0,2.1857227360861544
2015,3,27,0.0,16.6,-1.6,MAZO CRUZ,-16.75,-69.71,Sur,PUNO,2015-03-27,18.200000000000003,1,0.8475792010688754
2015,3,28,0.0,16.0,-5.2,MAZO CRUZ,-16.75,-69.71,Sur,PUNO,2015-03-28,21.2,1,-1.6185553926203056
2015,3,29,0.0,17.4,-4.6,MAZO CRUZ,-16.75,-69.71,Sur,PUNO,2015-03-29,22.0,1,-4.436364668377281
2015,3,30,0.0,16.6,-2.8,MAZO CRUZ,-16.75,-69.71,Sur,PUNO,2015-03-30,19.4,1,-4.294439926619535
2015,3,31,0.0,17.2,-4.0,MAZO CRUZ,-16.75,-69.71,Sur,PUNO,2015-03-31,21.2,1,-3.2590474748896203
2015,4,1,2.0,15.4,3.2,MAZO CRUZ,-16.75,-69.71,Sur,PUNO,2015-04-01,12.2,0,-4.03660816409125
2015,4,2,1.0,17.2,0.2,MAZO CRUZ,-16.75,-69.71,Sur,PUNO,2015-04-02,17.0,0,0.28792204404659894
2015,4,3,0.0,19.6,-2.2,MAZO CRUZ,-16.75,-69.71,Sur,PUNO,2015-04-03,21.8,1,-0.7454028603586854
2015,4,4,0.0,20.4,-3.6,MAZO CRUZ,-16.75,-69.71,Sur,PUNO,2015-04-04,24.0,1,-2.9851342915799934
2015,4,5,0.0,18.6,-2.2,MAZO CRUZ,-16.75,-69.71,Sur,PUNO,2015-04-05,20.8,1,-3.543351366077242
2015,4,6,0.0,16.2,-1.4,MAZO CRUZ,-16.75,-69.71,Sur,PUNO,2015-04-06,17.599999999999998,1,-2.5201809033445914
2015,4,7,0.0,15.8,-3.6,MAZO CRUZ,-16.75,-69.71,Sur,PUNO,2015-04-07,19.4,1,-1.853312922042924
2015,4,8,0.0,12.8,1.0,MAZO CRUZ,-16.75,-69.71,Sur,PUNO,2015-04-08,11.8,0,-3.3354061643822486
2015,4,9,0.0,15.8,2.4,MAZO CRUZ,-16.75,-69.71,Sur,PUNO,2015-04-09,13.4,0,-1.263375279938915
2015,4,10,7.2,15.6,1.8,MAZO CRUZ,-16.75,-69.71,Sur,PUNO,2015-04-10,13.8,0,-0.26839963022477353
2015,4,11,8.4,14.2,0.4,MAZO CRUZ,-16.75,-69.71,Sur,PUNO,2015-04-11,13.8,0,1.8541002334300198
2015,4,12,4.2,13.8,3.6,MAZO CRUZ,-16.75,-69.71,Sur,PUNO,2015-04-12,10.2,0,1.3032686486480027
2015,4,13,0.2,15.2,1.4,MAZO CRUZ,-16.75,-69.71,Sur,PUNO,2015-04-13,13.8,0,2.323906956478699
2015,4,14,0.1,15.4,-2.4,MAZO CRUZ,-16.75,-69.71,Sur,PUNO,2015-04-14,17.8,1,0.8634322046425285
2015,4,15,0.0,16.2,-4.6,MAZO CRUZ,-16.75,-69.71,Sur,PUNO,2015-04-15,20.8,1,-1.7590952223439231
2015,4,16,0.0,16.4,-0.8,MAZO CRUZ,-16.75,-69.71,Sur,PUNO,2015-04-16,17.2,1,-3.6151711356779326
2015,4,17,0.0,15.2,-2.4,MAZO CRUZ,-16.75,-69.71,Sur,PUNO,2015-04-17,17.599999999999998,1,-1.6262363383252953
2015,4,18,11.4,17.4,-1.0,MAZO CRUZ,-16.75,-69.71,Sur,PUNO,2015-04-18,18.4,1,-2.372457458609216
2015,4,19,2.8,14.6,0.4,MAZO CRUZ,-16.75,-69.71,Sur,PUNO,2015-04-19,14.2,0,0.8902252700956672
2015,4,20,0.4,15.2,1.2,MAZO CRUZ,-16.75,-69.71,Sur,PUNO,2015-04-20,14.0,0,0.7084353933132913
2015,4,21,5.4,15.2,-2.2,MAZO CRUZ,-16.75,-69.71,Sur,PUNO,2015-04-21,17.4,1,-0.29939911382778306
2015,4,22,0.0,16.2,0.6,MAZO CRUZ,-16.75,-69.71,Sur,PUNO,2015-04-22,15.6,0,-0.139895006104485
2015,4,23,7.8,14.4,3.2,MAZO CRUZ,-16.75,-69.71,Sur,PUNO,2015-04-23,11.2,0,-0.7822332392051501
2015,4,24,6.4,14.6,4.0,MAZO CRUZ,-16.75,-69.71,Sur,PUNO,2015-04-24,10.6,0,1.6054617326610747
2015,4,25,0.0,14.8,1.6,MAZO CRUZ,-16.75,-69.71,Sur,PUNO,2015-04-25,13.2,0,2.444537026284693
2015,4,26,0.0,15.8,-1.6,MAZO CRUZ,-16.75,-69.71,Sur,PUNO,2015-04-26,17.400000000000002,1,1.0306800121343493
2015,4,27,2.2,16.4,1.0,MAZO CRUZ,-16.75,-69.71,Sur,PUNO,2015-04-27,15.4,0,-1.398055738103843
2015,4,28,2.0,15.2,-1.2,MAZO CRUZ,-16.75,-69.71,Sur,PUNO,2015-04-28,16.4,1,1.160709161860927
2015,4,29,0.0,16.4,-2.0,MAZO CRUZ,-16.75,-69.71,Sur,PUNO,2015-04-29,18.4,1,0.286782536422856
2015,4,30,0.0,16.8,-3.6,MAZO CRUZ,-16.75,-69.71,Sur,PUNO,2015-04-30,20.4,1,-1.8959925104607511
2015,5,1,0.0,16.4,-3.0,MAZO CRUZ,-16.75,-69.71,Sur,PUNO,2015-05-01,19.4,1,-3.3476900353321937
2015,5,2,0.0,17.2,-9.6,MAZO CRUZ,-16.75,-69.71,Sur,PUNO,2015-05-02,26.8,1,-3.2165779514337105
2015,5,3,0.0,15.8,-9.2,MAZO CRUZ,-16.75,-69.71,Sur,PUNO,2015-05-03,25.0,1,-7.955022852701493
2015,5,4,0.0,18.2,-7.2,MAZO CRUZ,-16.75,-69.71,Sur,PUNO,2015-05-04,25.4,1,-8.06769836150192
2015,5,5,0.0,17.2,-8.6,MAZO CRUZ,-16.75,-69.71,Sur,PUNO,2015-05-05,25.8,1,-6.902339248683918
2015,5,6,0.0,17.4,-6.6,MAZO CRUZ,-16.75,-69.71,Sur,PUNO,2015-05-06,24.0,1,-7.783993875895163
2015,5,7,0.0,16.6,-3.6,MAZO CRUZ,-16.75,-69.71,Sur,PUNO,2015-05-07,20.200000000000003,1,-6.864202978630156
2015,5,8,0.0,16.8,-5.2,MAZO CRUZ,-16.75,-69.71,Sur,PUNO,2015-05-08,22.0,1,-5.210674735005763
2015,5,9,0.0,17.2,-6.2,MAZO CRUZ,-16.75,-69.71,Sur,PUNO,2015-05-09,23.4,1,-5.95890337863693
2015,5,10,0.0,17.6,-8.6,MAZO CRUZ,-16.75,-69.71,Sur,PUNO,2015-05-10,26.200000000000003,1,-6.478490947516406
2015,5,11,0.0,16.2,-7.6,MAZO CRUZ,-16.75,-69.71,Sur,PUNO,2015-05-11,23.8,1,-8.01321676233921
2015,5,12,0.0,17.4,-9.2,MAZO CRUZ,-16.75,-69.71,Sur,PUNO,2015-05-12,26.6,1,-7.459174899590451
2015,5,13,0.0,16.8,-9.0,MAZO CRUZ,-16.75,-69.71,Sur,PUNO,2015-05-13,25.8,1,-8.480617217791632
2015,5,14,0.0,16.6,-8.2,MAZO CRUZ,-16.75,-69.71,Sur,PUNO,2015-05-14,24.8,1,-8.452405720913331
2015,5,15,0.0,12.0,-8.6,MAZO CRUZ,-16.75,-69.71,Sur,PUNO,2015-05-15,20.6,1,-8.103876249759095
2015,5,16,0.0,11.6,-2.2,MAZO CRUZ,-16.75,-69.71,Sur,PUNO,2015-05-16,13.8,1,-8.614770617658609
2015,5,17,0.0,16.6,-5.4,MAZO CRUZ,-16.75,-69.71,Sur,PUNO,2015-05-17,22.0,1,-5.519875191802615
2015,5,18,0.0,17.6,-9.2,MAZO CRUZ,-16.75,-69.71,Sur,PUNO,2015-05-18,26.8,1,-6.459237166631484
2015,5,19,0.0,18.2,-10.6,MAZO CRUZ,-16.75,-69.71,Sur,PUNO,2015-05-19,28.8,1,-8.460965451014962
2015,5,20,0.0,17.4,-10.6,MAZO CRUZ,-16.75,-69.71,Sur,PUNO,2015-05-20,28.0,1,-9.445032283168864
2015,5,21,0.0,17.4,-11.6,MAZO CRUZ,-16.75,-69.71,Sur,PUNO,2015-05-21,29.0,1,-9.55022492918146
2015,5,22,0.0,17.2,-12.8,MAZO CRUZ,-16.75,-69.71,Sur,PUNO,2015-05-22,30.0,1,-10.307245056893905
2015,5,23,0.0,17.2,-14.2,MAZO CRUZ,-16.75,-69.71,Sur,PUNO,2015-05-23,31.4,1,-11.339235821283834
2015,5,24,0.0,17.6,-11.6,MAZO CRUZ,-16.75,-69.71,Sur,PUNO,2015-05-24,29.200000000000003,1,-12.609809420803614
2015,5,25,1.2,16.0,-9.2,MAZO CRUZ,-16.75,-69.71,Sur,PUNO,2015-05-25,25.2,1,-11.071797795630648
2015,5,26,0.0,16.4,-3.4,MAZO CRUZ,-16.75,-69.71,Sur,PUNO,2015-05-26,19.8,1,-7.707262074629021
2015,5,27,0.0,16.8,-9.4,MAZO CRUZ,-16.75,-69.71,Sur,PUNO,2015-05-27,26.200000000000003,1,-6.756158909307781
2015,5,28,0.0,16.6,-10.8,MAZO CRUZ,-16.75,-69.71,Sur,PUNO,2015-05-28,27.4,1,-9.688926045884628
2015,5,29,0.0,18.0,-13.2,MAZO CRUZ,-16.75,-69.71,Sur,PUNO,2015-05-29,31.2,1,-10.489932714922364
2015,5,30,0.0,18.4,-12.6,MAZO CRUZ,-16.75,-69.71,Sur,PUNO,2015-05-30,31.0,1,-11.923018029153585
2015,5,31,0.0,17.6,-7.2,MAZO CRUZ,-16.75,-69.71,Sur,PUNO,2015-05-31,24.8,1,-11.343891528194312
2015,6,1,0.0,17.8,-9.6,MAZO CRUZ,-16.75,-69.71,Sur,PUNO,2015-06-01,27.4,1,-8.081792886253576
2015,6,2,0.0,18.4,-9.6,MAZO CRUZ,-16.75,-69.71,Sur,PUNO,2015-06-02,28.0,1,-9.145908877685931
2015,6,3,0.0,17.4,-10.0,MAZO CRUZ,-16.75,-69.71,Sur,PUNO,2015-06-03,27.4,1,-9.37151106321237
2015,6,4,0.0,17.8,-7.2,MAZO CRUZ,-16.75,-69.71,Sur,PUNO,2015-06-04,25.0,1,-9.671889701637417
2015,6,5,0.0,17.2,-13.8,MAZO CRUZ,-16.75,-69.71,Sur,PUNO,2015-06-05,31.0,1,-7.9631688230803
2015,6,6,0.0,17.4,-15.4,MAZO CRUZ,-16.75,-69.71,Sur,PUNO,2015-06-06,32.8,1,-12.066279603094967
2015,6,7,0.0,17.4,-16.0,MAZO CRUZ,-16.75,-69.71,Sur,PUNO,2015-06-07,33.4,1,-13.370734178393024
2015,6,8,0.0,17.2,-15.6,MAZO CRUZ,-16.75,-69.71,Sur,PUNO,2015-06-08,32.8,1,-13.92077980170742
2015,6,9,0.0,18.2,-13.6,MAZO CRUZ,-16.75,-69.71,Sur,PUNO,2015-06-09,31.8,1,-13.738858994543547
2015,6,10,0.0,18.2,-10.2,MAZO CRUZ,-16.75,-69.71,Sur,PUNO,2015-06-10,28.4,1,-12.40105126012243
2015,6,11,0.0,18.4,-13.2,MAZO CRUZ,-16.75,-69.71,Sur,PUNO,2015-06-11,31.6,1,-10.285973439002955
2015,6,12,0.0,17.6,-14.4,MAZO CRUZ,-16.75,-69.71,Sur,PUNO,2015-06-12,32.0,1,-12.09290097646371
2015,6,13,0.0,18.6,-13.2,MAZO CRUZ,-16.75,-69.71,Sur,PUNO,2015-06-13,31.8,1,-13.158311635415867
2015,6,14,0.0,18.2,-15.2,MAZO CRUZ,-16.75,-69.71,Sur,PUNO,2015-06-14,33.4,1,-12.299919162240121
2015,6,15,0.0,18.0,-13.6,MAZO CRUZ,-16.75,-69.71,Sur,PUNO,2015-06-15,31.6,1,-13.38866902432572
2015,6,16,0.0,19.2,-10.6,MAZO CRUZ,-16.75,-69.71,Sur,PUNO,2015-06-16,29.8,1,-12.48862878362451
2015,6,17,0.0,17.6,-9.6,MAZO CRUZ,-16.75,-69.71,Sur,PUNO,2015-06-17,27.200000000000003,1,-10.471468838962833
2015,6,18,0.0,17.4,-13.2,MAZO CRUZ,-16.75,-69.71,Sur,PUNO,2015-06-18,30.6,1,-9.659058296743414
2015,6,19,0.0,17.6,-10.6,MAZO CRUZ,-16.75,-69.71,Sur,PUNO,2015-06-19,28.200000000000003,1,-12.179222660337867
2015,6,20,0.0,17.4,-12.0,MAZO CRUZ,-16.75,-69.71,Sur,PUNO,2015-06-20,29.4,1,-10.6263921275554
2015,6,21,0.0,16.6,-12.6,MAZO CRUZ,-16.75,-69.71,Sur,PUNO,2015-06-21,29.200000000000003,1,-11.254715994267134
2015,6,22,0.0,17.6,-12.8,MAZO CRUZ,-16.75,-69.71,Sur,PUNO,2015-06-22,30.4,1,-11.715404077911176
2015,6,23,0.0,17.8,-11.6,MAZO CRUZ,-16.75,-69.71,Sur,PUNO,2015-06-23,29.4,1,-11.819362118299217
2015,6,24,0.0,18.0,-11.6,MAZO CRUZ,-16.75,-69.71,Sur,PUNO,2015-06-24,29.6,1,-10.994797232550415
2015,6,25,0.0,18.2,-10.6,MAZO CRUZ,-16.75,-69.71,Sur,PUNO,2015-06-25,28.8,1,-10.90079126619931
2015,6,26,0.0,18.4,-11.2,MAZO CRUZ,-16.75,-69.71,Sur,PUNO,2015-06-26,29.6,1,-10.247746166077604
2015,6,27,0.0,18.0,-12.6,MAZO CRUZ,-16.75,-69.71,Sur,PUNO,2015-06-27,30.6,1,-10.586561990718467
2015,6,28,0.0,17.8,-14.0,MAZO CRUZ,-16.75,-69.71,Sur,PUNO,2015-06-28,31.8,1,-11.57820450858922
2015,6,29,0.0,15.6,-14.6,MAZO CRUZ,-16.75,-69.71,Sur,PUNO,2015-06-29,30.2,1,-12.61195951531635
2015,6,30,0.0,17.4,-14.8,MAZO CRUZ,-16.75,-69.71,Sur,PUNO,2015-06-30,32.2,1,-13.286635391328874
2015,7,1,0.0,17.2,-14.8,MAZO CRUZ,-16.75,-69.71,Sur,PUNO,2015-07-01,32.0,1,-13.345181785422545
2015,7,2,0.0,16.4,-13.8,MAZO CRUZ,-16.75,-69.71,Sur,PUNO,2015-07-02,30.2,1,-13.313111160103073
2015,7,3,1.6,16.2,-10.2,MAZO CRUZ,-16.75,-69.71,Sur,PUNO,2015-07-03,26.4,1,-12.802654212672994
2015,7,4,0.4,9.2,-1.6,MAZO CRUZ,-16.75,-69.71,Sur,PUNO,2015-07-04,10.8,1,-8.288886907756309
2015,7,5,0.0,10.2,-6.0,MAZO CRUZ,-16.75,-69.71,Sur,PUNO,2015-07-05,16.2,1,-6.133814537945233
2015,7,6,0.0,11.6,-10.0,MAZO CRUZ,-16.75,-69.71,Sur,PUNO,2015-07-06,21.6,1,-9.042845698868511
2015,7,7,0.0,12.4,-10.0,MAZO CRUZ,-16.75,-69.71,Sur,PUNO,2015-07-07,22.4,1,-10.723654783337757
2015,7,8,0.0,14.6,-18.2,MAZO CRUZ,-16.75,-69.71,Sur,PUNO,2015-07-08,32.8,1,-10.204753982795872
2015,7,9,0.0,16.8,-20.6,MAZO CRUZ,-16.75,-69.71,Sur,PUNO,2015-07-09,37.400000000000006,1,-14.928936307342466
2015,7,10,0.0,17.4,-20.4,MAZO CRUZ,-16.75,-69.71,Sur,PUNO,2015-07-10,37.8,1,-16.410603807914207
2015,7,11,0.0,18.2,-20.0,MAZO CRUZ,-16.75,-69.71,Sur,PUNO,2015-07-11,38.2,1,-16.65684544471696
2015,7,12,0.0,17.8,-20.0,MAZO CRUZ,-16.75,-69.71,Sur,PUNO,2015-07-12,37.8,1,-16.61293352574637
2015,7,13,0.0,17.4,-18.0,MAZO CRUZ,-16.75,-69.71,Sur,PUNO,2015-07-13,35.4,1,-16.832443372362853
2015,7,14,0.0,14.4,-12.8,MAZO CRUZ,-16.75,-69.71,Sur,PUNO,2015-07-14,27.200000000000003,1,-15.895192664154841
2015,7,15,0.0,14.4,-2.6,MAZO CRUZ,-16.75,-69.71,Sur,PUNO,2015-07-15,17.0,1,-13.099004457315715
2015,7,16,0.0,14.2,-14.0,MAZO CRUZ,-16.75,-69.71,Sur,PUNO,2015-07-16,28.2,1,-8.149518436661491
2015,7,17,0.0,16.8,-15.6,MAZO CRUZ,-16.75,-69.71,Sur,PUNO,2015-07-17,32.4,1,-13.669772041176664
2015,7,18,0.0,17.6,-14.8,MAZO CRUZ,-16.75,-69.71,Sur,PUNO,2015-07-18,32.400000000000006,1,-14.11277402007035
2015,7,19,0.0,16.8,-14.6,MAZO CRUZ,-16.75,-69.71,Sur,PUNO,2015-07-19,31.4,1,-13.270385918577999
2015,7,20,0.0,17.6,-15.6,MAZO CRUZ,-16.75,-69.71,Sur,PUNO,2015-07-20,33.2,1,-13.005862411558892
2015,7,21,0.0,17.2,-15.4,MAZO CRUZ,-16.75,-69.71,Sur,PUNO,2015-07-21,32.6,1,-13.668248046420459
2015,7,22,0.0,18.6,-12.6,MAZO CRUZ,-16.75,-69.71,Sur,PUNO,2015-07-22,31.200000000000003,1,-13.781525994230803
2015,7,23,0.0,19.4,-11.0,MAZO CRUZ,-16.75,-69.71,Sur,PUNO,2015-07-23,30.4,1,-11.99637483725541
2015,7,24,0.0,19.5,-11.4,MAZO CRUZ,-16.75,-69.71,Sur,PUNO,2015-07-24,30.9,1,-10.654145576646703
2015,7,25,0.0,18.4,-11.2,MAZO CRUZ,-16.75,-69.71,Sur,PUNO,2015-07-25,29.6,1,-10.7235140322297
2015,7,26,0.0,18.2,-12.4,MAZO CRUZ,-16.75,-69.71,Sur,PUNO,2015-07-26,30.6,1,-10.71881343056924
2015,7,27,0.0,18.6,-12.0,MAZO CRUZ,-16.75,-69.71,Sur,PUNO,2015-07-27,30.6,1,-11.573624030719257
2015,7,28,0.0,18.8,-12.0,MAZO CRUZ,-16.75,-69.71,Sur,PUNO,2015-07-28,30.8,1,-11.283698588810696
2015,7,29,0.0,17.8,-12.2,MAZO CRUZ,-16.75,-69.71,Sur,PUNO,2015-07-29,30.0,1,-11.104479960247195
2015,7,30,0.0,18.0,-13.4,MAZO CRUZ,-16.75,-69.71,Sur,PUNO,2015-07-30,31.4,1,-11.25892882053588
2015,7,31,0.0,18.4,-13.2,MAZO CRUZ,-16.75,-69.71,Sur,PUNO,2015-07-31,31.6,1,-12.170377181219447
2015,8,1,0.0,18.0,-12.4,MAZO CRUZ,-16.75,-69.71,Sur,PUNO,2015-08-01,30.4,1,-12.085376859040759
2015,8,2,0.0,19.2,-14.2,MAZO CRUZ,-16.75,-69.71,Sur,PUNO,2015-08-02,33.4,1,-11.545854807796877
2015,8,3,0.0,18.6,-13.8,MAZO CRUZ,-16.75,-69.71,Sur,PUNO,2015-08-03,32.400000000000006,1,-12.589910126216225
2015,8,4,0.0,17.4,-11.2,MAZO CRUZ,-16.75,-69.71,Sur,PUNO,2015-08-04,28.6,1,-12.466369481233919
2015,8,5,0.0,18.4,-13.6,MAZO CRUZ,-16.75,-69.71,Sur,PUNO,2015-08-05,32.0,1,-10.925506432751174
2015,8,6,0.0,19.4,-14.0,MAZO CRUZ,-16.75,-69.71,Sur,PUNO,2015-08-06,33.4,1,-12.350672070410937
2015,8,7,0.0,18.6,-12.6,MAZO CRUZ,-16.75,-69.71,Sur,PUNO,2015-08-07,31.200000000000003,1,-12.58614988756218
2015,8,8,0.0,19.8,-12.6,MAZO CRUZ,-16.75,-69.71,Sur,PUNO,2015-08-08,32.4,1,-11.69859038735645
2015,8,9,0.0,18.0,-8.2,MAZO CRUZ,-16.75,-69.71,Sur,PUNO,2015-08-09,26.2,1,-11.501851885954698
2015,8,10,0.0,19.2,-20.6,MAZO CRUZ,-16.75,-69.71,Sur,PUNO,2015-08-10,39.8,1,-8.970331577357598
2015,8,11,5.2,12.6,-10.2,MAZO CRUZ,-16.75,-69.71,Sur,PUNO,2015-08-11,22.8,1,-15.973899227734456
2015,8,12,0.0,13.4,-1.6,MAZO CRUZ,-16.75,-69.71,Sur,PUNO,2015-08-12,15.0,1,-6.600444502418204
2015,8,13,1.6,10.2,-2.6,MAZO CRUZ,-16.75,-69.71,Sur,PUNO,2015-08-13,12.8,1,-6.7653271452774355
2015,8,14,0.0,14.2,-7.4,MAZO CRUZ,-16.75,-69.71,Sur,PUNO,2015-08-14,21.6,1,-4.59272762239838
2015,8,15,0.0,16.4,-14.0,MAZO CRUZ,-16.75,-69.71,Sur,PUNO,2015-08-15,30.4,1,-9.732730581466743
2015,8,16,0.0,16.8,-12.4,MAZO CRUZ,-16.75,-69.71,Sur,PUNO,2015-08-16,29.200000000000003,1,-12.859898659017137
2015,8,17,0.0,16.0,-9.2,MAZO CRUZ,-16.75,-69.71,Sur,PUNO,2015-08-17,25.2,1,-11.757141634936607
2015,8,18,4.8,17.2,-8.0,MAZO CRUZ,-16.75,-69.71,Sur,PUNO,2015-08-18,25.2,1,-9.136522841510274
2015,8,19,0.0,16.2,1.6,MAZO CRUZ,-16.75,-69.71,Sur,PUNO,2015-08-19,14.6,0,-3.1893668794570744
2015,8,20,0.0,17.4,-11.2,MAZO CRUZ,-16.75,-69.71,Sur,PUNO,2015-08-20,28.6,1,-3.906257774227964
2015,8,21,2.8,16.4,-8.2,MAZO CRUZ,-16.75,-69.71,Sur,PUNO,2015-08-21,24.6,1,-10.895951126802412
2015,8,22,0.0,17.4,-3.2,MAZO CRUZ,-16.75,-69.71,Sur,PUNO,2015-08-22,20.6,1,-5.456785934359238
2015,8,23,0.0,18.4,-10.2,MAZO CRUZ,-16.75,-69.71,Sur,PUNO,2015-08-23,28.6,1,-6.068722610641094
2015,8,24,0.0,18.2,-8.6,MAZO CRUZ,-16.75,-69.71,Sur,PUNO,2015-08-24,26.8,1,-9.848861165958489
2015,8,25,0.0,18.4,-17.2,MAZO CRUZ,-16.75,-69.71,Sur,PUNO,2015-08-25,35.599999999999994,1,-8.681751157891119
2015,8,26,0.0,18.0,-13.6,MAZO CRUZ,-16.75,-69.71,Sur,PUNO,2015-08-26,31.6,1,-13.822978408925257
2015,8,27,0.0,16.4,-15.8,MAZO CRUZ,-16.75,-69.71,Sur,PUNO,2015-08-27,32.2,1,-12.294200541789488
2015,8,28,0.0,17.6,-17.6,MAZO CRUZ,-16.75,-69.71,Sur,PUNO,2015-08-28,35.2,1,-13.650799762507855
2015,8,29,0.0,18.0,-12.4,MAZO CRUZ,-16.75,-69.71,Sur,PUNO,2015-08-29,30.4,1,-14.959622475642169
2015,8,30,0.0,18.6,-14.2,MAZO CRUZ,-16.75,-69.71,Sur,PUNO,2015-08-30,32.8,1,-12.007040373805602
2015,8,31,0.0,18.4,-13.2,MAZO CRUZ,-16.75,-69.71,Sur,PUNO,2015-08-31,31.6,1,-12.679886485413382
2015,9,1,0.0,15.8,-9.8,MAZO CRUZ,-16.75,-69.71,Sur,PUNO,2015-09-01,25.6,1,-12.245419362503092
2015,9,2,1.8,15.8,-6.0,MAZO CRUZ,-16.75,-69.71,Sur,PUNO,2015-09-02,21.8,1,-10.321676898956246
2015,9,3,3.2,16.4,-3.8,MAZO CRUZ,-16.75,-69.71,Sur,PUNO,2015-09-03,20.2,1,-5.889033800574385
2015,9,4,1.2,14.0,0.6,MAZO CRUZ,-16.75,-69.71,Sur,PUNO,2015-09-04,13.4,0,-3.6947370697082516
2015,9,5,0.0,14.8,-1.6,MAZO CRUZ,-16.75,-69.71,Sur,PUNO,2015-09-05,16.400000000000002,1,-3.2290832627045214
2015,9,6,0.0,17.2,-8.0,MAZO CRUZ,-16.75,-69.71,Sur,PUNO,2015-09-06,25.2,1,-4.86064644655646
2015,9,7,0.0,16.4,-13.2,MAZO CRUZ,-16.75,-69.71,Sur,PUNO,2015-09-07,29.6,1,-8.14733254768593
2015,9,8,0.0,16.8,-15.2,MAZO CRUZ,-16.75,-69.71,Sur,PUNO,2015-09-08,32.0,1,-11.396212112499697
2015,9,9,0.0,17.4,-14.4,MAZO CRUZ,-16.75,-69.71,Sur,PUNO,2015-09-09,31.8,1,-12.847806197440432
2015,9,10,0.0,18.6,-14.2,MAZO CRUZ,-16.75,-69.71,Sur,PUNO,2015-09-10,32.8,1,-12.386295447837231
2015,9,11,0.0,20.6,-15.6,MAZO CRUZ,-16.75,-69.71,Sur,PUNO,2015-09-11,36.2,1,-12.196183168858754
2015,9,12,0.0,20.4,-13.2,MAZO CRUZ,-16.75,-69.71,Sur,PUNO,2015-09-12,33.599999999999994,1,-13.118716892673444
2015,9,13,0.0,20.8,-13.6,MAZO CRUZ,-16.75,-69.71,Sur,PUNO,2015-09-13,34.4,1,-11.914730700980911
2015,9,14,0.0,21.2,-11.6,MAZO CRUZ,-16.75,-69.71,Sur,PUNO,2015-09-14,32.8,1,-12.043822521130124
2015,9,15,0.0,20.8,-11.4,MAZO CRUZ,-16.75,-69.71,Sur,PUNO,2015-09-15,32.2,1,-10.880338674152659
2015,9,16,0.0,21.0,-10.6,MAZO CRUZ,-16.75,-69.71,Sur,PUNO,2015-09-16,31.6,1,-10.582964343861661
2015,9,17,0.0,18.4,-7.8,MAZO CRUZ,-16.75,-69.71,Sur,PUNO,2015-09-17,26.2,1,-10.095147697511225
2015,9,18,2.8,17.2,-4.6,MAZO CRUZ,-16.75,-69.71,Sur,PUNO,2015-09-18,21.8,1,-8.387924119534647
2015,9,19,0.0,17.8,1.4,MAZO CRUZ,-16.75,-69.71,Sur,PUNO,2015-09-19,16.400000000000002,0,-3.564528037638833
2015,9,20,0.0,19.8,-6.0,MAZO CRUZ,-16.75,-69.71,Sur,PUNO,2015-09-20,25.8,1,-3.9597668560362966
2015,9,21,0.0,21.2,-10.0,MAZO CRUZ,-16.75,-69.71,Sur,PUNO,2015-09-21,31.2,1,-6.8057142196884906
2015,9,22,0.0,20.2,-6.4,MAZO CRUZ,-16.75,-69.71,Sur,PUNO,2015-09-22,26.6,1,-8.912922112472975
2015,9,23,0.0,18.8,-2.6,MAZO CRUZ,-16.75,-69.71,Sur,PUNO,2015-09-23,21.4,1,-6.744503868200514
2015,9,24,0.0,20.4,-1.0,MAZO CRUZ,-16.75,-69.71,Sur,PUNO,2015-09-24,21.4,1,-4.111484720148604
2015,9,25,0.0,18.0,-5.2,MAZO CRUZ,-16.75,-69.71,Sur,PUNO,2015-09-25,23.2,1,-2.8761447024218127
2015,9,26,0.0,19.2,-6.6,MAZO CRUZ,-16.75,-69.71,Sur,PUNO,2015-09-26,25.8,1,-4.79512316564099
2015,9,27,0.0,19.2,-12.2,MAZO CRUZ,-16.75,-69.71,Sur,PUNO,2015-09-27,31.4,1,-6.270786600088217
2015,9,28,0.0,19.8,-11.2,MAZO CRUZ,-16.75,-69.71,Sur,PUNO,2015-09-28,31.0,1,-10.07334826296506
2015,9,29,0.0,19.2,-12.8,MAZO CRUZ,-16.75,-69.71,Sur,PUNO,2015-09-29,32.0,1,-9.677101132750396
2015,9,30,0.0,19.8,-10.0,MAZO CRUZ,-16.75,-69.71,Sur,PUNO,2015-09-30,29.8,1,-10.713278029233406
2015,10,1,0.0,18.2,-12.0,MAZO CRUZ,-16.75,-69.71,Sur,PUNO,2015-10-01,30.2,1,-9.266808012648923
2015,10,2,15.8,17.8,-5.8,MAZO CRUZ,-16.75,-69.71,Sur,PUNO,2015-10-02,23.6,1,-10.62631083165678
2015,10,3,1.0,13.2,0.0,MAZO CRUZ,-16.75,-69.71,Sur,PUNO,2015-10-03,13.2,1,-2.541739483623949
2015,10,4,0.0,18.0,-1.8,MAZO CRUZ,-16.75,-69.71,Sur,PUNO,2015-10-04,19.8,1,-2.735061433883358
2015,10,5,0.0,20.8,-5.6,MAZO CRUZ,-16.75,-69.71,Sur,PUNO,2015-10-05,26.4,1,-5.042685860796305
2015,10,6,0.0,21.4,-6.2,MAZO CRUZ,-16.75,-69.71,Sur,PUNO,2015-10-06,27.6,1,-6.552333104266702
2015,10,7,0.0,21.6,-8.8,MAZO CRUZ,-16.75,-69.71,Sur,PUNO,2015-10-07,30.4,1,-6.3646269412130305
2015,10,8,0.0,19.2,-8.2,MAZO CRUZ,-16.75,-69.71,Sur,PUNO,2015-10-08,27.4,1,-7.664924505336915
2015,10,9,0.0,18.0,-11.2,MAZO CRUZ,-16.75,-69.71,Sur,PUNO,2015-10-09,29.2,1,-7.248725298869337
2015,10,10,0.0,19.2,-12.2,MAZO CRUZ,-16.75,-69.71,Sur,PUNO,2015-10-10,31.4,1,-9.399452584904958
2015,10,11,0.0,20.2,-10.4,MAZO CRUZ,-16.75,-69.71,Sur,PUNO,2015-10-11,30.6,1,-10.595591902323306
2015,10,12,0.0,20.8,-14.4,MAZO CRUZ,-16.75,-69.71,Sur,PUNO,2015-10-12,35.2,1,-9.638186484801645
2015,10,13,0.0,21.8,-15.6,MAZO CRUZ,-16.75,-69.71,Sur,PUNO,2015-10-13,37.4,1,-11.990232750108984
2015,10,14,0.0,21.2,-15.6,MAZO CRUZ,-16.75,-69.71,Sur,PUNO,2015-10-14,36.8,1,-12.967226232397202
2015,10,15,2.2,21.2,-14.0,MAZO CRUZ,-16.75,-69.71,Sur,PUNO,2015-10-15,35.2,1,-13.142164085881172
2015,10,16,0.0,18.6,-2.0,MAZO CRUZ,-16.75,-69.71,Sur,PUNO,2015-10-16,20.6,1,-8.889419104170672
2015,10,17,0.0,18.4,-1.2,MAZO CRUZ,-16.75,-69.71,Sur,PUNO,2015-10-17,19.6,1,-6.796134650739256
2015,10,18,0.0,17.8,1.6,MAZO CRUZ,-16.75,-69.71,Sur,PUNO,2015-10-18,16.2,0,-5.233548610122482
2015,10,19,0.0,16.2,-2.0,MAZO CRUZ,-16.75,-69.71,Sur,PUNO,2015-10-19,18.2,1,-3.277049966290198
2015,10,20,3.2,18.2,-0.2,MAZO CRUZ,-16.75,-69.71,Sur,PUNO,2015-10-20,18.4,1,-3.7535255314403484
2015,10,21,0.0,20.2,-1.8,MAZO CRUZ,-16.75,-69.71,Sur,PUNO,2015-10-21,22.0,1,-0.3820236922900604
2015,10,22,0.0,20.0,-8.4,MAZO CRUZ,-16.75,-69.71,Sur,PUNO,2015-10-22,28.4,1,-2.9998612862891894
2015,10,23,6.4,20.0,-2.4,MAZO CRUZ,-16.75,-69.71,Sur,PUNO,2015-10-23,22.4,1,-6.706096409589418
2015,10,24,1.2,18.2,3.2,MAZO CRUZ,-16.75,-69.71,Sur,PUNO,2015-10-24,15.0,0,-0.5374650905648714
2015,10,25,7.2,14.6,2.8,MAZO CRUZ,-16.75,-69.71,Sur,PUNO,2015-10-25,11.8,0,0.696458657054958
2015,10,26,1.0,13.6,2.6,MAZO CRUZ,-16.75,-69.71,Sur,PUNO,2015-10-26,11.0,0,1.7450756081662775
2015,10,27,0.0,16.2,0.0,MAZO CRUZ,-16.75,-69.71,Sur,PUNO,2015-10-27,16.2,1,1.331001167078842
2015,10,28,0.0,18.4,-2.6,MAZO CRUZ,-16.75,-69.71,Sur,PUNO,2015-10-28,21.0,1,-1.1072813910748132
2015,10,29,0.0,19.2,-5.4,MAZO CRUZ,-16.75,-69.71,Sur,PUNO,2015-10-29,24.6,1,-2.6488638172574674
